alpha_center_deg,delta_alpha_deg,beta_deg,z0x,z0y,z0z,x0x,x0y,x0z,smin,n_rows
-69.53800000000001,-69.53800000000001,90.0,0.0,0.0,0.0,0.0,0.0,1.0,0.0,6
-69.4355,-69.4355,90.0,0.0,0.0,0.0,0.0,0.0,1.0,0.0,6
-69.333,-69.333,90.0,0.0,0.0,0.0,0.0,0.0,1.0,0.0,6
-69.23049999999999,-69.23049999999999,90.0,0.0,0.0,0.0,0.0,0.0,1.0,-0.0,6
-69.1275,-69.1275,90.0,0.0,0.0,0.0,0.0,0.0,1.0,-0.0,6
-69.025,-24.69560768127461,32.86693959640279,0.0,-0.0027300537343679515,0.005180670528988782,-0.7071094162578895,-0.7071041460346604,-1.0001008339195585e-05,9.59463559698404e-38,6
-68.9225,26.154603102296903,12.586231370743032,-0.5773502691896268,0.5773502691896256,-0.5773502691896248,-0.2564729250152507,-0.12823646250762571,0.12823646250762571,0.0,6
-68.8195,87.39877033249651,12.586231370743032,0.997171364361423,-0.05314729578058653,0.053147295780586495,0.07516162649635989,0.7051066337450039,-0.7051066337450037,0.0,6
-68.717,-68.717,90.0,0.0,0.0,0.0,0.0,0.0,1.0,-0.0,6
-68.6145,-68.6145,90.0,0.0,0.0,0.0,0.0,0.0,1.0,-0.0,6
-68.51200000000001,-68.51200000000001,90.0,0.0,0.0,0.0,0.0,0.0,1.0,-0.0,6
-68.40950000000001,-68.40950000000001,90.0,0.0,0.0,0.0,0.0,0.0,1.0,-0.0,6
-68.3065,-68.3065,90.0,0.0,0.0,0.0,0.0,0.0,1.0,-0.0,6
-68.204,-68.204,90.0,0.0,0.0,0.0,0.0,0.0,1.0,-0.0,6
-68.1015,-68.1015,90.0,0.0,0.0,0.0,0.0,0.0,1.0,-0.0,6
-67.9985,-67.9985,90.0,0.0,0.0,0.0,0.0,0.0,1.0,-0.0,6
-67.89600000000002,-67.89600000000002,90.0,0.0,0.0,0.0,0.0,0.0,1.0,-0.0,6
-67.79350000000001,-67.79350000000001,90.0,0.0,0.0,0.0,0.0,0.0,1.0,-0.0,6
-67.6905,-67.6905,90.0,0.0,0.0,0.0,0.0,0.0,1.0,-0.0,6
-67.588,-67.588,90.0,0.0,0.0,0.0,0.0,0.0,1.0,-0.0,6
-67.48549999999999,-67.48549999999999,90.0,0.0,0.0,0.0,0.0,0.0,1.0,-0.0,6
-67.38299999999998,-67.38299999999998,90.0,0.0,0.0,0.0,0.0,0.0,1.0,-0.0,6
-67.2805,-67.2805,90.0,0.0,0.0,0.0,0.0,0.0,1.0,-0.0,6
-67.17750000000001,-67.17750000000001,90.0,0.0,0.0,0.0,0.0,0.0,1.0,-0.0,6
-67.075,-67.075,90.0,0.0,0.0,0.0,0.0,0.0,1.0,-0.0,6
-66.97250000000001,-66.97250000000001,90.0,0.0,0.0,0.0,0.0,0.0,1.0,-0.0,6
-66.8695,-66.8695,90.0,0.0,0.0,0.0,0.0,0.0,1.0,0.0,6
-66.767,-66.767,90.0,0.0,0.0,0.0,0.0,0.0,1.0,0.0,6
-66.66449999999999,-66.66449999999999,90.0,0.0,0.0,0.0,0.0,0.0,1.0,0.0,6
-66.56150000000001,-66.56150000000001,90.0,0.0,0.0,0.0,0.0,0.0,1.0,0.0,6
-66.459,-66.459,90.0,0.0,0.0,0.0,0.0,0.0,1.0,0.0,6
-66.3565,-66.3565,90.0,0.0,0.0,0.0,0.0,0.0,1.0,0.0,6
-66.25400000000002,-66.25400000000002,90.0,0.0,0.0,0.0,0.0,0.0,1.0,0.0,6
-66.15150000000001,-66.15150000000001,90.0,0.0,0.0,0.0,0.0,0.0,1.0,0.0,6
-66.0485,-66.0485,90.0,0.0,0.0,0.0,0.0,0.0,1.0,0.0,6
-65.946,42.41432336992177,12.586231370743032,0.9968538213964396,-0.056046671477060536,0.0560466714770605,0.07926196292872838,0.704882096961146,-0.7048820969611459,0.0,6
-65.84349999999999,-71.25117997579768,77.43089254225407,-0.0,0.08695707282631118,0.07370650749856267,-2.1811509535777044e-17,-0.7063438552792656,-0.7078688848291214,1.5909890516670665e-54,6
-65.7405,-19.91498915196871,68.89041925718728,-0.9532372025116291,-0.07469734416806074,0.2928466194478634,-0.020730287955269315,-0.9505320698772683,-0.3099339273073012,-0.0,6
-65.63799999999999,35.63322327887972,66.35841188206221,-0.9534625892455927,-0.09534625892455892,0.2860387767736766,-0.01433698753424401,0.9619471725816532,0.27285909907973727,0.0,6
-65.5355,44.40314479355666,29.785327662891543,0.9986985719019876,0.016128119794106065,-0.04838435938231819,0.0510015929254211,-0.315816218316772,0.9474486549503158,0.0,6
-65.433,-65.433,90.0,0.0,0.0,0.0,0.0,0.0,1.0,-0.0,6
-65.3305,-65.3305,90.0,0.0,0.0,0.0,0.0,0.0,1.0,-0.0,6
-65.2275,-65.2275,90.0,0.0,0.0,0.0,0.0,0.0,1.0,-0.0,6
-65.125,-65.125,90.0,0.0,0.0,0.0,0.0,0.0,1.0,-0.0,6
-65.02250000000001,-65.02250000000001,90.0,0.0,0.0,0.0,0.0,0.0,1.0,-0.0,6
-64.91949999999999,-64.91949999999999,90.0,0.0,0.0,0.0,0.0,0.0,1.0,-0.0,6
-64.817,-64.817,90.0,0.0,0.0,0.0,0.0,0.0,1.0,-0.0,6
-64.7145,-64.7145,90.0,0.0,0.0,0.0,0.0,0.0,1.0,-0.0,6
-64.6115,-64.6115,90.0,0.0,0.0,0.0,0.0,0.0,1.0,-0.0,6
-64.509,-64.509,90.0,0.0,0.0,0.0,0.0,0.0,1.0,-0.0,6
-64.40650000000001,-64.40650000000001,90.0,0.0,0.0,0.0,0.0,0.0,1.0,-0.0,6
-64.30400000000002,-64.30400000000002,90.0,0.0,0.0,0.0,0.0,0.0,1.0,-0.0,6
-64.20150000000001,-64.20150000000001,90.0,0.0,0.0,0.0,0.0,0.0,1.0,-0.0,6
-64.0985,-64.0985,90.0,0.0,0.0,0.0,0.0,0.0,1.0,-0.0,6
-63.996,-63.996,90.0,0.0,0.0,0.0,0.0,0.0,1.0,-0.0,6
-63.8935,-63.8935,90.0,0.0,0.0,0.0,0.0,0.0,1.0,-0.0,6
-63.790499999999994,-63.790499999999994,90.0,0.0,0.0,0.0,0.0,0.0,1.0,-0.0,6
-63.688,-63.688,90.0,0.0,0.0,0.0,0.0,0.0,1.0,-0.0,6
-63.5855,-63.5855,90.0,0.0,0.0,0.0,0.0,0.0,1.0,-0.0,6
-63.482499999999995,-63.482499999999995,90.0,0.0,0.0,0.0,0.0,0.0,1.0,-0.0,6
-63.38,-63.38,90.0,0.0,0.0,0.0,0.0,0.0,1.0,-0.0,6
-63.277499999999996,-63.277499999999996,90.0,0.0,0.0,0.0,0.0,0.0,1.0,-0.0,6
-63.175000000000004,-63.175000000000004,90.0,0.0,0.0,0.0,0.0,0.0,1.0,-0.0,6
-63.072500000000005,-63.072500000000005,90.0,0.0,0.0,0.0,0.0,0.0,1.0,-0.0,6
-62.9695,-62.9695,90.0,0.0,0.0,0.0,0.0,0.0,1.0,-0.0,6
-62.867000000000004,-62.867000000000004,90.0,0.0,0.0,0.0,0.0,0.0,1.0,-0.0,6
-62.7645,-62.7645,90.0,0.0,0.0,0.0,0.0,0.0,1.0,-0.0,6
-62.6615,-62.6615,90.0,0.0,0.0,0.0,0.0,0.0,1.0,-0.0,6
-62.559000000000005,-62.559000000000005,90.0,0.0,0.0,0.0,0.0,0.0,1.0,-0.0,6
-62.45650000000001,-62.45650000000001,90.0,0.0,0.0,0.0,0.0,0.0,1.0,-0.0,6
-62.354000000000006,-62.354000000000006,90.0,0.0,0.0,0.0,0.0,0.0,1.0,-0.0,6
-62.2515,-62.2515,90.0,0.0,0.0,0.0,0.0,0.0,1.0,-0.0,6
-62.1485,-62.1485,90.0,0.0,0.0,0.0,0.0,0.0,1.0,-0.0,6
-62.04599999999999,-62.04599999999999,90.0,0.0,0.0,0.0,0.0,0.0,1.0,-0.0,6
-61.9435,-61.9435,90.0,0.0,0.0,0.0,0.0,0.0,1.0,-0.0,6
-61.8405,-61.8405,90.0,0.0,0.0,0.0,0.0,0.0,1.0,-0.0,6
-61.73800000000001,-61.73800000000001,90.0,0.0,0.0,0.0,0.0,0.0,1.0,-0.0,6
-61.6355,-61.6355,90.0,0.0,0.0,0.0,0.0,0.0,1.0,-0.0,6
-61.5325,-61.5325,90.0,0.0,0.0,0.0,0.0,0.0,1.0,0.0,6
-61.42999999999999,-61.42999999999999,90.0,0.0,0.0,0.0,0.0,0.0,1.0,0.0,6
-61.3275,-61.3275,90.0,0.0,0.0,0.0,0.0,0.0,1.0,0.0,6
-61.22500000000001,-61.22500000000001,90.0,0.0,0.0,0.0,0.0,0.0,1.0,0.0,6
-61.1225,-61.1225,90.0,0.0,0.0,0.0,0.0,0.0,1.0,0.0,6
-61.0195,-61.0195,90.0,0.0,0.0,0.0,0.0,0.0,1.0,0.0,6
-60.916999999999994,-60.916999999999994,90.0,0.0,0.0,0.0,0.0,0.0,1.0,0.0,6
-60.8145,-60.8145,90.0,0.0,0.0,0.0,0.0,0.0,1.0,0.0,6
-60.711499999999994,-60.711499999999994,90.0,0.0,0.0,0.0,0.0,0.0,1.0,0.0,6
-60.609,-60.609,90.0,0.0,0.0,0.0,0.0,0.0,1.0,0.0,6
-60.5065,-60.5065,90.0,0.0,0.0,0.0,0.0,0.0,1.0,0.0,6
-60.40350000000001,-60.40350000000001,90.0,0.0,0.0,0.0,0.0,0.0,1.0,0.0,6
-60.301,-60.301,90.0,0.0,0.0,0.0,0.0,0.0,1.0,0.0,6
-60.198499999999996,-60.198499999999996,90.0,0.0,0.0,0.0,0.0,0.0,1.0,0.0,6
-60.096,-60.096,90.0,0.0,0.0,0.0,0.0,0.0,1.0,0.0,6
-59.993500000000004,-59.993500000000004,90.0,0.0,0.0,0.0,0.0,0.0,1.0,0.0,6
-59.89050000000001,-59.89050000000001,90.0,0.0,0.0,0.0,0.0,0.0,1.0,0.0,6
-59.788000000000004,40.48018321510874,46.988555898600836,0.9901113428358874,-0.0,-0.1402837438469469,0.1402837438469469,-0.0,0.9901113428358874,0.0,6
-59.6855,-59.6855,89.9972193383859,0.0,1.604936980362469e-17,-2.230142702995919e-19,7.850462293418873e-17,-1.0,-7.850462293418873e-17,2.7705038681259142e-61,6
-59.582499999999996,1.9190952846928915,78.36664917624937,-0.42639090033786253,0.6445562901380272,-0.6346164108755543,0.0029969863607904237,0.7025938356790291,0.7115847947634791,-0.0,6
-59.480000000000004,60.016208496567955,12.586231370742974,0.4264014327111979,-0.6396021490668391,0.6396021490668388,-0.9045340337333019,-0.30151134457774814,0.301511344577746,0.0,6
-59.37750000000001,59.0428974109526,12.586231370743032,0.9928743036733951,-0.08426332863431982,0.08426332863431983,0.1191663421653561,0.7020681529933291,-0.7020681529933291,0.0,6
-59.275000000000006,-59.275000000000006,90.0,0.0,0.0,0.0,0.0,0.0,1.0,-0.0,6
-59.1725,-59.1725,90.0,0.0,0.0,0.0,0.0,0.0,1.0,-0.0,6
-59.0695,-59.0695,90.0,0.0,0.0,0.0,0.0,0.0,1.0,-0.0,6
-58.96699999999999,-58.96699999999999,90.0,0.0,0.0,0.0,0.0,0.0,1.0,-0.0,6
-58.8645,-58.8645,90.0,0.0,0.0,0.0,0.0,0.0,1.0,-0.0,6
-58.7615,-58.7615,90.0,0.0,0.0,0.0,0.0,0.0,1.0,-0.0,6
-58.659000000000006,-58.659000000000006,90.0,0.0,0.0,0.0,0.0,0.0,1.0,-0.0,6
-58.5565,-58.5565,90.0,0.0,0.0,0.0,0.0,0.0,1.0,0.0,6
-58.4535,-58.4535,90.0,0.0,0.0,0.0,0.0,0.0,1.0,0.0,6
-58.35099999999999,-58.35099999999999,90.0,0.0,0.0,0.0,0.0,0.0,1.0,0.0,6
-58.2485,-58.2485,90.0,0.0,0.0,0.0,0.0,0.0,1.0,0.0,6
-58.14600000000001,-58.14600000000001,90.0,0.0,0.0,0.0,0.0,0.0,1.0,0.0,6
-58.0435,-58.0435,90.0,0.0,0.0,0.0,0.0,0.0,1.0,0.0,6
-57.9405,-57.9405,90.0,0.0,0.0,0.0,0.0,0.0,1.0,0.0,6
-57.837999999999994,-57.837999999999994,90.0,0.0,0.0,0.0,0.0,0.0,1.0,0.0,6
-57.7355,-57.7355,90.0,0.0,0.0,0.0,0.0,0.0,1.0,0.0,6
-57.6325,-57.6325,90.0,0.0,0.0,0.0,0.0,0.0,1.0,0.0,6
-57.53000000000001,-57.53000000000001,90.0,0.0,0.0,0.0,0.0,0.0,1.0,0.0,6
-57.4275,-57.4275,90.0,0.0,0.0,0.0,0.0,0.0,1.0,0.0,6
-57.324999999999996,-57.324999999999996,90.0,0.0,0.0,0.0,0.0,0.0,1.0,0.0,6
-57.222500000000004,-57.222500000000004,90.0,0.0,0.0,0.0,0.0,0.0,1.0,0.0,6
-57.1195,-57.1195,90.0,0.0,0.0,0.0,0.0,0.0,1.0,-0.0,6
-57.016999999999996,-60.60727242997323,77.43089254225407,-0.0,-0.05910312543117083,0.04440078910895247,1.844373698048477e-17,0.7065656573662839,-0.7076474912204177,1.8065824035822158e-54,6
-56.914500000000004,-56.177088210682726,79.85128397158543,0.235702260395521,-0.9428090415820587,-0.23570226039552922,0.3607197593213925,0.3156297894062184,-0.8776440572774951,1.3130136647357223e-22,6
-56.8115,89.4984324740212,46.988555898600815,-0.7071067811865351,-4.996003610813205e-16,0.70710678118656,0.7071067811865599,8.785660835005219e-30,0.707106781186535,-0.0,6
-56.708999999999996,12.975197735145157,46.988555898600836,0.9876723091428162,-0.0,-0.15653565010085482,0.1565356501008548,-0.0,0.9876723091428161,0.0,6
-56.606500000000004,-56.606500000000004,90.0,0.0,0.0,0.0,0.0,0.0,1.0,-0.0,6
-56.5035,-56.5035,90.0,0.0,0.0,0.0,0.0,0.0,1.0,-0.0,6
-56.401,-56.401,90.0,0.0,0.0,0.0,0.0,0.0,1.0,-0.0,6
-56.2985,-56.2985,90.0,0.0,0.0,0.0,0.0,0.0,1.0,-0.0,6
-56.196,-56.196,90.0,0.0,0.0,0.0,0.0,0.0,1.0,-0.0,6
-56.093500000000006,-56.093500000000006,90.0,0.0,0.0,0.0,0.0,0.0,1.0,-0.0,6
-55.990500000000004,-55.990500000000004,90.0,0.0,0.0,0.0,0.0,0.0,1.0,-0.0,6
-55.888000000000005,-55.888000000000005,90.0,0.0,0.0,0.0,0.0,0.0,1.0,-0.0,6
-55.7855,-55.7855,90.0,0.0,0.0,0.0,0.0,0.0,1.0,-0.0,6
-55.682500000000005,-55.682500000000005,90.0,0.0,0.0,0.0,0.0,0.0,1.0,-0.0,6
-55.580000000000005,-55.580000000000005,90.0,0.0,0.0,0.0,0.0,0.0,1.0,-0.0,6
-55.477500000000006,-55.477500000000006,90.0,0.0,0.0,0.0,0.0,0.0,1.0,-0.0,6
-55.3745,-55.3745,90.0,0.0,0.0,0.0,0.0,0.0,1.0,-0.0,6
-55.272,-55.272,90.0,0.0,0.0,0.0,0.0,0.0,1.0,-0.0,6
-55.1695,-55.1695,90.0,0.0,0.0,0.0,0.0,0.0,1.0,-0.0,6
-55.06700000000001,-55.06700000000001,90.0,0.0,0.0,0.0,0.0,0.0,1.0,-0.0,6
-54.9645,-54.9645,90.0,0.0,0.0,0.0,0.0,0.0,1.0,-0.0,6
-54.8615,-54.8615,90.0,0.0,0.0,0.0,0.0,0.0,1.0,-0.0,6
-54.759,-54.759,90.0,0.0,0.0,0.0,0.0,0.0,1.0,-0.0,6
-54.6565,-54.6565,90.0,0.0,0.0,0.0,0.0,0.0,1.0,-0.0,6
-54.5535,-54.5535,90.0,0.0,0.0,0.0,0.0,0.0,1.0,-0.0,6
-54.451,-54.451,90.0,0.0,0.0,0.0,0.0,0.0,1.0,-0.0,6
-54.3485,-54.3485,90.0,0.0,0.0,0.0,0.0,0.0,1.0,-0.0,6
-54.245999999999995,-54.245999999999995,90.0,0.0,0.0,0.0,0.0,0.0,1.0,-0.0,6
-54.1435,-54.1435,90.0,0.0,0.0,0.0,0.0,0.0,1.0,-0.0,6
-54.0405,-54.0405,90.0,0.0,0.0,0.0,0.0,0.0,1.0,-0.0,6
-53.937999999999995,-53.937999999999995,90.0,0.0,0.0,0.0,0.0,0.0,1.0,-0.0,6
-53.8355,-53.8355,90.0,0.0,0.0,0.0,0.0,0.0,1.0,-0.0,6
-53.7325,-53.7325,90.0,0.0,0.0,0.0,0.0,0.0,1.0,-0.0,6
-53.629999999999995,-53.629999999999995,90.0,0.0,0.0,0.0,0.0,0.0,1.0,-0.0,6
-53.5275,-53.5275,90.0,0.0,0.0,0.0,0.0,0.0,1.0,-0.0,6
-53.4245,-53.4245,90.0,0.0,0.0,0.0,0.0,0.0,1.0,-0.0,6
-53.321999999999996,-53.321999999999996,90.0,0.0,0.0,0.0,0.0,0.0,1.0,-0.0,6
-53.219500000000004,-53.219500000000004,90.0,0.0,0.0,0.0,0.0,0.0,1.0,-0.0,6
-53.117,-53.117,90.0,0.0,0.0,0.0,0.0,0.0,1.0,-0.0,6
-53.014500000000005,-53.014500000000005,90.0,0.0,0.0,0.0,0.0,0.0,1.0,-0.0,6
-52.9115,-52.9115,90.0,0.0,0.0,0.0,0.0,0.0,1.0,-0.0,6
-52.809,-52.809,90.0,0.0,0.0,0.0,0.0,0.0,1.0,-0.0,6
-52.706500000000005,-52.706500000000005,90.0,0.0,0.0,0.0,0.0,0.0,1.0,-0.0,6
-52.603500000000004,-52.603500000000004,90.0,0.0,0.0,0.0,0.0,0.0,1.0,-0.0,6
-52.501000000000005,-52.501000000000005,90.0,0.0,0.0,0.0,0.0,0.0,1.0,-0.0,6
-52.3985,-52.3985,90.0,0.0,0.0,0.0,0.0,0.0,1.0,-0.0,6
-52.295500000000004,-52.295500000000004,90.0,0.0,0.0,0.0,0.0,0.0,1.0,-0.0,6
-52.193000000000005,-52.193000000000005,90.0,0.0,0.0,0.0,0.0,0.0,1.0,-0.0,6
-52.090500000000006,-52.090500000000006,90.0,0.0,0.0,0.0,0.0,0.0,1.0,-0.0,6
-51.988,-51.988,90.0,0.0,0.0,0.0,0.0,0.0,1.0,-0.0,6
-51.88549999999999,-51.88549999999999,90.0,0.0,0.0,0.0,0.0,0.0,1.0,-0.0,6
-51.782500000000006,-51.782500000000006,90.0,0.0,0.0,0.0,0.0,0.0,1.0,-0.0,6
-51.68000000000001,-51.68000000000001,90.0,0.0,0.0,0.0,0.0,0.0,1.0,-0.0,6
-51.5775,-51.5775,90.0,0.0,0.0,0.0,0.0,0.0,1.0,-0.0,6
-51.4745,-51.4745,90.0,0.0,0.0,0.0,0.0,0.0,1.0,-0.0,6
-51.372,-51.372,90.0,0.0,0.0,0.0,0.0,0.0,1.0,-0.0,6
-51.2695,-51.2695,90.0,0.0,0.0,0.0,0.0,0.0,1.0,-0.0,6
-51.16700000000001,-51.16700000000001,90.0,0.0,0.0,0.0,0.0,0.0,1.0,-0.0,6
-51.0645,-51.0645,90.0,0.0,0.0,0.0,0.0,0.0,1.0,-0.0,6
-50.9615,-50.9615,90.0,0.0,0.0,0.0,0.0,0.0,1.0,-0.0,6
-50.858999999999995,-50.858999999999995,90.0,0.0,0.0,0.0,0.0,0.0,1.0,-0.0,6
-50.7565,-50.7565,90.0,0.0,0.0,0.0,0.0,0.0,1.0,-0.0,6
-50.6535,-50.6535,90.0,0.0,0.0,0.0,0.0,0.0,1.0,-0.0,6
-50.550999999999995,-50.550999999999995,90.0,0.0,0.0,0.0,0.0,0.0,1.0,-0.0,6
-50.4485,-50.4485,90.0,0.0,0.0,0.0,0.0,0.0,1.0,-0.0,6
-50.3455,-50.3455,90.0,0.0,0.0,0.0,0.0,0.0,1.0,-0.0,6
-50.242999999999995,-50.242999999999995,90.0,0.0,0.0,0.0,0.0,0.0,1.0,-0.0,6
-50.1405,-50.1405,90.0,0.0,0.0,0.0,0.0,0.0,1.0,-0.0,6
-50.038,-50.038,90.0,0.0,0.0,0.0,0.0,0.0,1.0,-0.0,6
-49.935500000000005,-49.935500000000005,90.0,0.0,0.0,0.0,0.0,0.0,1.0,-0.0,6
-49.8325,-49.8325,90.0,0.0,0.0,0.0,0.0,0.0,1.0,-0.0,6
-49.73,-49.73,90.0,0.0,0.0,0.0,0.0,0.0,1.0,-0.0,6
-49.627500000000005,-49.627500000000005,90.0,0.0,0.0,0.0,0.0,0.0,1.0,-0.0,6
-49.524499999999996,-49.524499999999996,90.0,0.0,0.0,0.0,0.0,0.0,1.0,-0.0,6
-49.422,-49.422,90.0,0.0,0.0,0.0,0.0,0.0,1.0,-0.0,6
-49.319500000000005,-49.319500000000005,90.0,0.0,0.0,0.0,0.0,0.0,1.0,-0.0,6
-49.217,-49.217,90.0,0.0,0.0,0.0,0.0,0.0,1.0,-0.0,6
-49.1145,-49.1145,90.0,0.0,0.0,0.0,0.0,0.0,1.0,-0.0,6
-49.0115,-49.0115,90.0,0.0,0.0,0.0,0.0,0.0,1.0,-0.0,6
-48.909,-48.909,90.0,0.0,0.0,0.0,0.0,0.0,1.0,-0.0,6
-48.8065,-48.8065,90.0,0.0,0.0,0.0,0.0,0.0,1.0,-0.0,6
-48.703500000000005,-48.703500000000005,90.0,0.0,0.0,0.0,0.0,0.0,1.0,-0.0,6
-48.601,-48.601,90.0,0.0,0.0,0.0,0.0,0.0,1.0,-0.0,6
-48.49849999999999,-48.49849999999999,90.0,0.0,0.0,0.0,0.0,0.0,1.0,-0.0,6
-48.395500000000006,-48.395500000000006,90.0,0.0,0.0,0.0,0.0,0.0,1.0,-0.0,6
-48.293000000000006,-48.293000000000006,90.0,0.0,0.0,0.0,0.0,0.0,1.0,-0.0,6
-48.1905,-48.1905,90.0,0.0,0.0,0.0,0.0,0.0,1.0,-0.0,6
-48.088,-48.088,90.0,0.0,0.0,0.0,0.0,0.0,1.0,-0.0,6
-47.985499999999995,-47.985499999999995,90.0,0.0,0.0,0.0,0.0,0.0,1.0,-0.0,6
-47.8825,-47.8825,90.0,0.0,0.0,0.0,0.0,0.0,1.0,-0.0,6
-47.78000000000001,-47.78000000000001,90.0,0.0,0.0,0.0,0.0,0.0,1.0,-0.0,6
-47.6775,-47.6775,90.0,0.0,0.0,0.0,0.0,0.0,1.0,-0.0,6
-47.5745,-47.5745,90.0,0.0,0.0,0.0,0.0,0.0,1.0,-0.0,6
-47.47200000000001,-47.47200000000001,90.0,0.0,0.0,0.0,0.0,0.0,1.0,-0.0,6
-47.3695,-47.3695,90.0,0.0,0.0,0.0,0.0,0.0,1.0,-0.0,6
-47.2665,-47.2665,90.0,0.0,0.0,0.0,0.0,0.0,1.0,-0.0,6
-47.164,-47.164,90.0,0.0,0.0,0.0,0.0,0.0,1.0,-0.0,6
-47.0615,-47.0615,90.0,0.0,0.0,0.0,0.0,0.0,1.0,-0.0,6
-46.959,-46.959,90.0,0.0,0.0,0.0,0.0,0.0,1.0,-0.0,6
-46.856500000000004,-46.856500000000004,90.0,0.0,0.0,0.0,0.0,0.0,1.0,-0.0,6
-46.7535,-46.7535,90.0,0.0,0.0,0.0,0.0,0.0,1.0,-0.0,6
-46.650999999999996,-46.650999999999996,90.0,0.0,0.0,0.0,0.0,0.0,1.0,-0.0,6
-46.548500000000004,-46.548500000000004,90.0,0.0,0.0,0.0,0.0,0.0,1.0,-0.0,6
-46.4455,-46.4455,90.0,0.0,0.0,0.0,0.0,0.0,1.0,-0.0,6
-46.342999999999996,-46.342999999999996,90.0,0.0,0.0,0.0,0.0,0.0,1.0,-0.0,6
-46.240500000000004,-46.240500000000004,90.0,0.0,0.0,0.0,0.0,0.0,1.0,-0.0,6
-46.138,-46.138,90.0,0.0,0.0,0.0,0.0,0.0,1.0,-0.0,6
-46.035500000000006,-46.035500000000006,90.0,0.0,0.0,0.0,0.0,0.0,1.0,-0.0,6
-45.932500000000005,-45.932500000000005,90.0,0.0,0.0,0.0,0.0,0.0,1.0,-0.0,6
-45.83,-45.83,90.0,0.0,0.0,0.0,0.0,0.0,1.0,-0.0,6
-45.727500000000006,-45.727500000000006,90.0,0.0,0.0,0.0,0.0,0.0,1.0,-0.0,6
-45.6245,-45.6245,90.0,0.0,0.0,0.0,0.0,0.0,1.0,-0.0,6
-45.522,-45.522,90.0,0.0,0.0,0.0,0.0,0.0,1.0,-0.0,6
-45.4195,-45.4195,90.0,0.0,0.0,0.0,0.0,0.0,1.0,-0.0,6
-45.316500000000005,-45.316500000000005,90.0,0.0,0.0,0.0,0.0,0.0,1.0,-0.0,6
-45.214,-45.214,90.0,0.0,0.0,0.0,0.0,0.0,1.0,-0.0,6
-45.11149999999999,-45.11149999999999,90.0,0.0,0.0,0.0,0.0,0.0,1.0,-0.0,6
-45.009,-45.009,90.0,0.0,0.0,0.0,0.0,0.0,1.0,-0.0,6
-44.906499999999994,-44.906499999999994,90.0,0.0,0.0,0.0,0.0,0.0,1.0,-0.0,6
-44.8035,-44.8035,90.0,0.0,0.0,0.0,0.0,0.0,1.0,-0.0,6
-44.701,-44.701,90.0,0.0,0.0,0.0,0.0,0.0,1.0,-0.0,6
-44.598499999999994,-44.598499999999994,90.0,0.0,0.0,0.0,0.0,0.0,1.0,-0.0,6
-44.4955,-44.4955,90.0,0.0,0.0,0.0,0.0,0.0,1.0,-0.0,6
-44.39300000000001,-44.39300000000001,90.0,0.0,0.0,0.0,0.0,0.0,1.0,-0.0,6
-44.2905,-44.2905,90.0,0.0,0.0,0.0,0.0,0.0,1.0,-0.0,6
-44.1875,-44.1875,90.0,0.0,0.0,0.0,0.0,0.0,1.0,-0.0,6
-44.08500000000001,-44.08500000000001,90.0,0.0,0.0,0.0,0.0,0.0,1.0,-0.0,6
-43.9825,-43.9825,90.0,0.0,0.0,0.0,0.0,0.0,1.0,-0.0,6
-43.88,-43.88,90.0,0.0,0.0,0.0,0.0,0.0,1.0,-0.0,6
-43.777499999999996,-43.777499999999996,90.0,0.0,0.0,0.0,0.0,0.0,1.0,-0.0,6
-43.6745,-43.6745,90.0,0.0,0.0,0.0,0.0,0.0,1.0,-0.0,6
-43.572,-43.572,90.0,0.0,0.0,0.0,0.0,0.0,1.0,-0.0,6
-43.469500000000004,-43.469500000000004,90.0,0.0,0.0,0.0,0.0,0.0,1.0,-0.0,6
-43.3665,-43.3665,90.0,0.0,0.0,0.0,0.0,0.0,1.0,-0.0,6
-43.263999999999996,-43.263999999999996,90.0,0.0,0.0,0.0,0.0,0.0,1.0,-0.0,6
-43.161500000000004,-43.161500000000004,90.0,0.0,0.0,0.0,0.0,0.0,1.0,-0.0,6
-43.059000000000005,-43.059000000000005,90.0,0.0,0.0,0.0,0.0,0.0,1.0,-0.0,6
-42.956500000000005,-42.956500000000005,90.0,0.0,0.0,0.0,0.0,0.0,1.0,-0.0,6
-42.853500000000004,-42.853500000000004,90.0,0.0,0.0,0.0,0.0,0.0,1.0,-0.0,6
-42.751,-42.751,90.0,0.0,0.0,0.0,0.0,0.0,1.0,-0.0,6
-42.648500000000006,-42.648500000000006,90.0,0.0,0.0,0.0,0.0,0.0,1.0,-0.0,6
-42.545500000000004,-42.545500000000004,90.0,0.0,0.0,0.0,0.0,0.0,1.0,-0.0,6
-42.443,-42.443,90.0,0.0,0.0,0.0,0.0,0.0,1.0,-0.0,6
-42.340500000000006,-42.340500000000006,90.0,0.0,0.0,0.0,0.0,0.0,1.0,-0.0,6
-42.2375,-42.2375,90.0,0.0,0.0,0.0,0.0,0.0,1.0,-0.0,6
-42.135,-42.135,90.0,0.0,0.0,0.0,0.0,0.0,1.0,-0.0,6
-42.032500000000006,-42.032500000000006,90.0,0.0,0.0,0.0,0.0,0.0,1.0,-0.0,6
-41.93,-41.93,90.0,0.0,0.0,0.0,0.0,0.0,1.0,-0.0,6
-41.82750000000001,-41.82750000000001,90.0,0.0,0.0,0.0,0.0,0.0,1.0,-0.0,6
-41.724500000000006,-41.724500000000006,90.0,0.0,0.0,0.0,0.0,0.0,1.0,-0.0,6
-41.622,-41.622,90.0,0.0,0.0,0.0,0.0,0.0,1.0,-0.0,6
-41.5195,-41.5195,90.0,0.0,0.0,0.0,0.0,0.0,1.0,-0.0,6
-41.4165,-41.4165,90.0,0.0,0.0,0.0,0.0,0.0,1.0,-0.0,6
-41.314,-41.314,90.0,0.0,0.0,0.0,0.0,0.0,1.0,-0.0,6
-41.211499999999994,-41.211499999999994,90.0,0.0,0.0,0.0,0.0,0.0,1.0,-0.0,6
-41.1085,-41.1085,90.0,0.0,0.0,0.0,0.0,0.0,1.0,-0.0,6
-41.00600000000001,-41.00600000000001,90.0,0.0,0.0,0.0,0.0,0.0,1.0,-0.0,6
-40.9035,-40.9035,90.0,0.0,0.0,0.0,0.0,0.0,1.0,-0.0,6
-40.801,-40.801,90.0,0.0,0.0,0.0,0.0,0.0,1.0,-0.0,6
-40.698499999999996,-40.698499999999996,90.0,0.0,0.0,0.0,0.0,0.0,1.0,-0.0,6
-40.5955,-40.5955,90.0,0.0,0.0,0.0,0.0,0.0,1.0,-0.0,6
-40.493,-40.493,90.0,0.0,0.0,0.0,0.0,0.0,1.0,-0.0,6
-40.390499999999996,-40.390499999999996,90.0,0.0,0.0,0.0,0.0,0.0,1.0,-0.0,6
-40.2875,-40.2875,90.0,0.0,0.0,0.0,0.0,0.0,1.0,-0.0,6
-40.185,-40.185,90.0,0.0,0.0,0.0,0.0,0.0,1.0,-0.0,6
-40.0825,-40.0825,90.0,0.0,0.0,0.0,0.0,0.0,1.0,-0.0,6
-39.98,-39.98,90.0,0.0,0.0,0.0,0.0,0.0,1.0,-0.0,6
-39.8775,-39.8775,90.0,0.0,0.0,0.0,0.0,0.0,1.0,-0.0,6
-39.7745,-39.7745,90.0,0.0,0.0,0.0,0.0,0.0,1.0,-0.0,6
-39.672000000000004,-39.672000000000004,90.0,0.0,0.0,0.0,0.0,0.0,1.0,-0.0,6
-39.569500000000005,-39.569500000000005,90.0,0.0,0.0,0.0,0.0,0.0,1.0,-0.0,6
-39.4665,-39.4665,90.0,0.0,0.0,0.0,0.0,0.0,1.0,-0.0,6
-39.364,-39.364,90.0,0.0,0.0,0.0,0.0,0.0,1.0,-0.0,6
-39.261500000000005,-39.261500000000005,90.0,0.0,0.0,0.0,0.0,0.0,1.0,-0.0,6
-39.158500000000004,-39.158500000000004,90.0,0.0,0.0,0.0,0.0,0.0,1.0,-0.0,6
-39.056,-39.056,90.0,0.0,0.0,0.0,0.0,0.0,1.0,-0.0,6
-38.953500000000005,-38.953500000000005,90.0,0.0,0.0,0.0,0.0,0.0,1.0,-0.0,6
-38.851,-38.851,90.0,0.0,0.0,0.0,0.0,0.0,1.0,-0.0,6
-38.74850000000001,-38.74850000000001,90.0,0.0,0.0,0.0,0.0,0.0,1.0,-0.0,6
-38.645500000000006,-38.645500000000006,90.0,0.0,0.0,0.0,0.0,0.0,1.0,-0.0,6
-38.543,-38.543,90.0,0.0,0.0,0.0,0.0,0.0,1.0,-0.0,6
-38.44050000000001,-38.44050000000001,90.0,0.0,0.0,0.0,0.0,0.0,1.0,-0.0,6
-38.337500000000006,-38.337500000000006,90.0,0.0,0.0,0.0,0.0,0.0,1.0,-0.0,6
-38.235,-38.235,90.0,0.0,0.0,0.0,0.0,0.0,1.0,-0.0,6
-38.1325,-38.1325,90.0,0.0,0.0,0.0,0.0,0.0,1.0,-0.0,6
-38.03,-38.03,90.0,0.0,0.0,0.0,0.0,0.0,1.0,-0.0,6
-37.9275,-37.9275,90.0,0.0,0.0,0.0,0.0,0.0,1.0,-0.0,6
-37.8245,-37.8245,90.0,0.0,0.0,0.0,0.0,0.0,1.0,-0.0,6
-37.722,-37.722,90.0,0.0,0.0,0.0,0.0,0.0,1.0,-0.0,6
-37.619499999999995,-37.619499999999995,90.0,0.0,0.0,0.0,0.0,0.0,1.0,-0.0,6
-37.5165,-37.5165,90.0,0.0,0.0,0.0,0.0,0.0,1.0,-0.0,6
-37.414,-37.414,90.0,0.0,0.0,0.0,0.0,0.0,1.0,-0.0,6
-37.311499999999995,-37.311499999999995,90.0,0.0,0.0,0.0,0.0,0.0,1.0,-0.0,6
-37.2085,-37.2085,90.0,0.0,0.0,0.0,0.0,0.0,1.0,-0.0,6
-37.106,-37.106,90.0,0.0,0.0,0.0,0.0,0.0,1.0,-0.0,6
-37.003499999999995,-37.003499999999995,90.0,0.0,0.0,0.0,0.0,0.0,1.0,-0.0,6
-36.901,-36.901,90.0,0.0,0.0,0.0,0.0,0.0,1.0,-0.0,6
-36.7985,-36.7985,90.0,0.0,0.0,0.0,0.0,0.0,1.0,-0.0,6
-36.6955,-36.6955,90.0,0.0,0.0,0.0,0.0,0.0,1.0,0.0,6
-36.592999999999996,-36.592999999999996,90.0,0.0,0.0,0.0,0.0,0.0,1.0,0.0,6
-36.4905,-36.4905,90.0,0.0,0.0,0.0,0.0,0.0,1.0,0.0,6
-36.3875,-36.3875,90.0,0.0,0.0,0.0,0.0,0.0,1.0,0.0,6
-36.285000000000004,-36.285000000000004,90.0,0.0,0.0,0.0,0.0,0.0,1.0,0.0,6
-36.182500000000005,-36.182500000000005,90.0,0.0,0.0,0.0,0.0,0.0,1.0,0.0,6
-36.0795,-36.0795,90.0,0.0,0.0,0.0,0.0,0.0,1.0,0.0,6
-35.977,-35.977,90.0,0.0,0.0,0.0,0.0,0.0,1.0,0.0,6
-35.874500000000005,-35.874500000000005,90.0,0.0,0.0,0.0,0.0,0.0,1.0,0.0,6
-35.772,-35.772,90.0,0.0,0.0,0.0,0.0,0.0,1.0,0.0,6
-35.6695,-35.6695,90.0,0.0,0.0,0.0,0.0,0.0,1.0,0.0,6
-35.566500000000005,-35.566500000000005,90.0,0.0,0.0,0.0,0.0,0.0,1.0,0.0,6
-35.464,-35.464,90.0,0.0,0.0,0.0,0.0,0.0,1.0,0.0,6
-35.36150000000001,-35.36150000000001,90.0,0.0,0.0,0.0,0.0,0.0,1.0,0.0,6
-35.258500000000005,-35.258500000000005,90.0,0.0,0.0,0.0,0.0,0.0,1.0,0.0,6
-35.156,-35.156,90.0,0.0,0.0,0.0,0.0,0.0,1.0,0.0,6
-35.05350000000001,-35.05350000000001,90.0,0.0,0.0,0.0,0.0,0.0,1.0,0.0,6
-34.951,-34.951,90.0,0.0,0.0,0.0,0.0,0.0,1.0,0.0,6
-34.8485,-34.8485,90.0,0.0,0.0,0.0,0.0,0.0,1.0,0.0,6
-34.7455,-34.7455,90.0,0.0,0.0,0.0,0.0,0.0,1.0,0.0,6
-34.643,-34.643,90.0,0.0,0.0,0.0,0.0,0.0,1.0,0.0,6
-34.5405,-34.5405,90.0,0.0,0.0,0.0,0.0,0.0,1.0,0.0,6
-34.4375,-34.4375,90.0,0.0,0.0,0.0,0.0,0.0,1.0,0.0,6
-34.335,-34.335,90.0,0.0,0.0,0.0,0.0,0.0,1.0,0.0,6
-34.232499999999995,-34.232499999999995,90.0,0.0,0.0,0.0,0.0,0.0,1.0,0.0,6
-34.12949999999999,-34.12949999999999,90.0,0.0,0.0,0.0,0.0,0.0,1.0,0.0,6
-34.027,-34.027,90.0,0.0,0.0,0.0,0.0,0.0,1.0,0.0,6
-33.924499999999995,-33.924499999999995,90.0,0.0,0.0,0.0,0.0,0.0,1.0,0.0,6
-33.822,-33.822,90.0,0.0,0.0,0.0,0.0,0.0,1.0,0.0,6
-33.7195,-33.7195,90.0,0.0,0.0,0.0,0.0,0.0,1.0,0.0,6
-33.616499999999995,-33.616499999999995,90.0,0.0,0.0,0.0,0.0,0.0,1.0,0.0,6
-33.514,-33.514,90.0,0.0,0.0,0.0,0.0,0.0,1.0,0.0,6
-33.4115,-33.4115,90.0,0.0,0.0,0.0,0.0,0.0,1.0,0.0,6
-33.3085,-33.3085,90.0,0.0,0.0,0.0,0.0,0.0,1.0,0.0,6
-33.205999999999996,-33.205999999999996,90.0,0.0,0.0,0.0,0.0,0.0,1.0,0.0,6
-33.1035,-33.1035,90.0,0.0,0.0,0.0,0.0,0.0,1.0,0.0,6
-33.0005,-33.0005,90.0,0.0,0.0,0.0,0.0,0.0,1.0,0.0,6
-32.898,-32.898,90.0,0.0,0.0,0.0,0.0,0.0,1.0,0.0,6
-32.795500000000004,-32.795500000000004,90.0,0.0,0.0,0.0,0.0,0.0,1.0,0.0,6
-32.693000000000005,-32.693,90.0,0.0,0.0,0.0,0.0,0.0,1.0,0.0,6
-32.5905,-32.5905,90.0,0.0,0.0,0.0,0.0,0.0,1.0,0.0,6
-32.487500000000004,-32.487500000000004,90.0,0.0,0.0,0.0,0.0,0.0,1.0,0.0,6
-32.385000000000005,-32.385000000000005,90.0,0.0,0.0,0.0,0.0,0.0,1.0,0.0,6
-32.2825,-32.2825,90.0,0.0,0.0,0.0,0.0,0.0,1.0,0.0,6
-32.179500000000004,-32.1795,90.0,0.0,0.0,0.0,0.0,0.0,1.0,0.0,6
-32.077,-32.077,90.0,0.0,0.0,0.0,0.0,0.0,1.0,0.0,6
-31.974500000000003,-31.974500000000003,90.0,0.0,0.0,0.0,0.0,0.0,1.0,0.0,6
-31.871999999999996,-31.872000000000003,90.0,0.0,0.0,0.0,0.0,0.0,1.0,0.0,6
-31.769500000000004,-31.769499999999997,90.0,0.0,0.0,0.0,0.0,0.0,1.0,0.0,6
-31.6665,-31.666499999999992,90.0,0.0,0.0,0.0,0.0,0.0,1.0,0.0,6
-31.564,-31.564,90.0,0.0,0.0,0.0,0.0,0.0,1.0,0.0,6
-31.461500000000004,-31.461500000000004,90.0,0.0,0.0,0.0,0.0,0.0,1.0,0.0,6
-31.3585,-31.358500000000006,90.0,0.0,0.0,0.0,0.0,0.0,1.0,0.0,6
-31.256,-31.256,90.0,0.0,0.0,0.0,0.0,0.0,1.0,0.0,6
-31.1535,-31.153499999999994,90.0,0.0,0.0,0.0,0.0,0.0,1.0,0.0,6
-31.0505,-31.050499999999996,90.0,0.0,0.0,0.0,0.0,0.0,1.0,0.0,6
-30.948,-30.948,90.0,0.0,0.0,0.0,0.0,0.0,1.0,0.0,6
-30.8455,-30.84550000000001,90.0,0.0,0.0,0.0,0.0,0.0,1.0,0.0,6
-30.743000000000002,-30.743000000000002,90.0,0.0,0.0,0.0,0.0,0.0,1.0,0.0,6
-30.6405,-30.640499999999996,90.0,0.0,0.0,0.0,0.0,0.0,1.0,0.0,6
-30.5375,-30.537499999999998,90.0,0.0,0.0,0.0,0.0,0.0,1.0,0.0,6
-30.435000000000002,-30.435000000000002,90.0,0.0,0.0,0.0,0.0,0.0,1.0,0.0,6
-30.332499999999996,-30.332500000000003,90.0,0.0,0.0,0.0,0.0,0.0,1.0,0.0,6
-30.229499999999998,-30.229500000000005,90.0,0.0,0.0,0.0,0.0,0.0,1.0,0.0,6
-30.127000000000002,-30.127000000000002,90.0,0.0,0.0,0.0,0.0,0.0,1.0,0.0,6
-30.024499999999996,-30.024499999999996,90.0,0.0,0.0,0.0,0.0,0.0,1.0,0.0,6
-29.921499999999998,-29.921499999999998,90.0,0.0,0.0,0.0,0.0,0.0,1.0,0.0,6
-29.819,-29.819,90.0,0.0,0.0,0.0,0.0,0.0,1.0,0.0,6
-29.7165,-29.7165,90.0,0.0,0.0,0.0,0.0,0.0,1.0,0.0,6
-29.613999999999997,-29.613999999999997,90.0,0.0,0.0,0.0,0.0,0.0,1.0,0.0,6
-29.511499999999998,-29.511499999999998,90.0,0.0,0.0,0.0,0.0,0.0,1.0,0.0,6
-29.4085,-29.4085,90.0,0.0,0.0,0.0,0.0,0.0,1.0,0.0,6
-29.306,-29.306,90.0,0.0,0.0,0.0,0.0,0.0,1.0,0.0,6
-29.203500000000002,-29.203500000000002,90.0,0.0,0.0,0.0,0.0,0.0,1.0,0.0,6
-29.1005,-29.1005,90.0,0.0,0.0,0.0,0.0,0.0,1.0,0.0,6
-28.998,-28.998,90.0,0.0,0.0,0.0,0.0,0.0,1.0,0.0,6
-28.895500000000002,-28.895500000000002,90.0,0.0,0.0,0.0,0.0,0.0,1.0,0.0,6
-28.793000000000003,-28.793000000000003,90.0,0.0,0.0,0.0,0.0,0.0,1.0,0.0,6
-28.6905,-28.6905,90.0,0.0,0.0,0.0,0.0,0.0,1.0,0.0,6
-28.5875,-28.587500000000002,90.0,0.0,0.0,0.0,0.0,0.0,1.0,0.0,6
-28.485000000000003,-28.485000000000003,90.0,0.0,0.0,0.0,0.0,0.0,1.0,0.0,6
-28.382500000000004,-28.382500000000004,90.0,0.0,0.0,0.0,0.0,0.0,1.0,0.0,6
-28.279500000000002,-28.279500000000006,90.0,0.0,0.0,0.0,0.0,0.0,1.0,0.0,6
-28.177,-28.177000000000003,90.0,0.0,0.0,0.0,0.0,0.0,1.0,0.0,6
-28.0745,-28.074500000000004,90.0,0.0,0.0,0.0,0.0,0.0,1.0,0.0,6
-27.971500000000002,-27.971500000000006,90.0,0.0,0.0,0.0,0.0,0.0,1.0,0.0,6
-27.869000000000003,-27.869000000000007,90.0,0.0,0.0,0.0,0.0,0.0,1.0,0.0,6
-27.7665,-27.766500000000004,90.0,0.0,0.0,0.0,0.0,0.0,1.0,0.0,6
-27.663999999999998,-27.663999999999998,90.0,0.0,0.0,0.0,0.0,0.0,1.0,0.0,6
-27.5615,-27.5615,90.0,0.0,0.0,0.0,0.0,0.0,1.0,0.0,6
-27.4585,-27.4585,90.0,0.0,0.0,0.0,0.0,0.0,1.0,0.0,6
-27.356,-27.356,90.0,0.0,0.0,0.0,0.0,0.0,1.0,0.0,6
-27.2535,-27.253500000000006,90.0,0.0,0.0,0.0,0.0,0.0,1.0,0.0,6
-27.1505,-27.1505,90.0,0.0,0.0,0.0,0.0,0.0,1.0,0.0,6
-27.048000000000002,-27.047999999999995,90.0,0.0,0.0,0.0,0.0,0.0,1.0,0.0,6
-26.945500000000003,-26.945499999999996,90.0,0.0,0.0,0.0,0.0,0.0,1.0,0.0,6
-26.843000000000004,-26.843000000000004,90.0,0.0,0.0,0.0,0.0,0.0,1.0,0.0,6
-26.7405,-26.7405,90.0,0.0,0.0,0.0,0.0,0.0,1.0,0.0,6
-26.637499999999996,-26.637499999999996,90.0,0.0,0.0,0.0,0.0,0.0,1.0,0.0,6
-26.535,-26.534999999999997,90.0,0.0,0.0,0.0,0.0,0.0,1.0,0.0,6
-26.432500000000005,-26.432499999999997,90.0,0.0,0.0,0.0,0.0,0.0,1.0,0.0,6
-26.3295,-26.3295,90.0,0.0,0.0,0.0,0.0,0.0,1.0,0.0,6
-26.226999999999997,-26.226999999999997,90.0,0.0,0.0,0.0,0.0,0.0,1.0,0.0,6
-26.124499999999998,-26.124499999999998,90.0,0.0,0.0,0.0,0.0,0.0,1.0,0.0,6
-26.0215,-26.0215,90.0,0.0,0.0,0.0,0.0,0.0,1.0,0.0,6
-25.919,-25.919,90.0,0.0,0.0,0.0,0.0,0.0,1.0,0.0,6
-25.8165,-25.8165,90.0,0.0,0.0,0.0,0.0,0.0,1.0,0.0,6
-25.714,-25.714,90.0,0.0,0.0,0.0,0.0,0.0,1.0,0.0,6
-25.6115,-25.6115,90.0,0.0,0.0,0.0,0.0,0.0,1.0,0.0,6
-25.5085,-25.5085,90.0,0.0,0.0,0.0,0.0,0.0,1.0,0.0,6
-25.406000000000002,-25.406000000000002,90.0,0.0,0.0,0.0,0.0,0.0,1.0,0.0,6
-25.3035,-25.3035,90.0,0.0,0.0,0.0,0.0,0.0,1.0,0.0,6
-25.200499999999998,-25.2005,90.0,0.0,0.0,0.0,0.0,0.0,1.0,0.0,6
-25.098000000000003,-25.098000000000003,90.0,0.0,0.0,0.0,0.0,0.0,1.0,0.0,6
-24.995500000000003,-24.995500000000003,90.0,0.0,0.0,0.0,0.0,0.0,1.0,0.0,6
-24.892500000000002,-24.892500000000005,90.0,0.0,0.0,0.0,0.0,0.0,1.0,0.0,6
-24.79,-24.790000000000003,90.0,0.0,0.0,0.0,0.0,0.0,1.0,0.0,6
-24.6875,-24.687500000000004,90.0,0.0,0.0,0.0,0.0,0.0,1.0,0.0,6
-24.585,-24.585000000000004,90.0,0.0,0.0,0.0,0.0,0.0,1.0,0.0,6
-24.4825,-24.482500000000005,90.0,0.0,0.0,0.0,0.0,0.0,1.0,0.0,6
-24.3795,-24.3795,90.0,0.0,0.0,0.0,0.0,0.0,1.0,0.0,6
-24.276999999999997,-24.276999999999997,90.0,0.0,0.0,0.0,0.0,0.0,1.0,0.0,6
-24.1745,-24.174500000000005,90.0,0.0,0.0,0.0,0.0,0.0,1.0,0.0,6
-24.0715,-24.071500000000007,90.0,0.0,0.0,0.0,0.0,0.0,1.0,0.0,6
-23.969,-23.969,90.0,0.0,0.0,0.0,0.0,0.0,1.0,0.0,6
-23.8665,-23.866499999999995,90.0,0.0,0.0,0.0,0.0,0.0,1.0,0.0,6
-23.764,-23.764,90.0,0.0,0.0,0.0,0.0,0.0,1.0,0.0,6
-23.6615,-23.661500000000007,90.0,0.0,0.0,0.0,0.0,0.0,1.0,0.0,6
-23.558500000000002,-23.55850000000001,90.0,0.0,0.0,0.0,0.0,0.0,1.0,0.0,6
-23.456000000000003,-23.456000000000003,90.0,0.0,0.0,0.0,0.0,0.0,1.0,0.0,6
-23.3535,-23.353499999999997,90.0,0.0,0.0,0.0,0.0,0.0,1.0,0.0,6
-23.250500000000002,-23.250499999999995,90.0,0.0,0.0,0.0,0.0,0.0,1.0,0.0,6
-23.148000000000003,-23.148000000000003,90.0,0.0,0.0,0.0,0.0,0.0,1.0,0.0,6
-23.045500000000004,-23.045500000000004,90.0,0.0,0.0,0.0,0.0,0.0,1.0,0.0,6
-22.9425,-22.9425,90.0,0.0,0.0,0.0,0.0,0.0,1.0,0.0,6
-22.839999999999996,-22.839999999999996,90.0,0.0,0.0,0.0,0.0,0.0,1.0,0.0,6
-22.7375,-22.737499999999997,90.0,0.0,0.0,0.0,0.0,0.0,1.0,0.0,6
-22.635,-22.634999999999998,90.0,0.0,0.0,0.0,0.0,0.0,1.0,0.0,6
-22.532500000000002,-22.5325,90.0,0.0,0.0,0.0,0.0,0.0,1.0,0.0,6
-22.4295,-22.4295,90.0,0.0,0.0,0.0,0.0,0.0,1.0,0.0,6
-22.326999999999998,-22.326999999999998,90.0,0.0,0.0,0.0,0.0,0.0,1.0,0.0,6
-22.2245,-22.2245,90.0,0.0,0.0,0.0,0.0,0.0,1.0,0.0,6
-22.1215,-22.1215,90.0,0.0,0.0,0.0,0.0,0.0,1.0,0.0,6
-22.019000000000002,-22.019000000000002,90.0,0.0,0.0,0.0,0.0,0.0,1.0,0.0,6
-21.9165,-21.9165,90.0,0.0,0.0,0.0,0.0,0.0,1.0,0.0,6
-21.813499999999998,-21.8135,90.0,0.0,0.0,0.0,0.0,0.0,1.0,0.0,6
-21.711000000000002,-21.711000000000002,90.0,0.0,0.0,0.0,0.0,0.0,1.0,0.0,6
-21.608500000000003,-21.608500000000003,90.0,0.0,0.0,0.0,0.0,0.0,1.0,0.0,6
-21.506,-21.506,90.0,0.0,0.0,0.0,0.0,0.0,1.0,0.0,6
-21.403499999999998,-21.4035,90.0,0.0,0.0,0.0,0.0,0.0,1.0,0.0,6
-21.300499999999996,-21.300499999999996,90.0,0.0,0.0,0.0,0.0,0.0,1.0,0.0,6
-21.197999999999997,-21.197999999999997,90.0,0.0,0.0,0.0,0.0,0.0,1.0,0.0,6
-21.0955,-21.095500000000005,90.0,0.0,0.0,0.0,0.0,0.0,1.0,0.0,6
-20.9925,-20.992500000000003,90.0,0.0,0.0,0.0,0.0,0.0,1.0,0.0,6
-20.889999999999997,-20.889999999999997,90.0,0.0,0.0,0.0,0.0,0.0,1.0,0.0,6
-20.787499999999998,-20.787499999999998,90.0,0.0,0.0,0.0,0.0,0.0,1.0,0.0,6
-20.685000000000002,-20.685000000000006,90.0,0.0,0.0,0.0,0.0,0.0,1.0,0.0,6
-20.5825,-20.582500000000003,90.0,0.0,0.0,0.0,0.0,0.0,1.0,0.0,6
-20.479499999999998,-20.479500000000005,90.0,0.0,0.0,0.0,0.0,0.0,1.0,0.0,6
-20.377,-20.377000000000006,90.0,0.0,0.0,0.0,0.0,0.0,1.0,0.0,6
-20.2745,-20.2745,90.0,0.0,0.0,0.0,0.0,0.0,1.0,0.0,6
-20.1715,-20.171499999999995,90.0,0.0,0.0,0.0,0.0,0.0,1.0,0.0,6
-20.069000000000003,-20.069000000000003,90.0,0.0,0.0,0.0,0.0,0.0,1.0,0.0,6
-19.9665,-19.9665,90.0,0.0,0.0,0.0,0.0,0.0,1.0,0.0,6
-19.863500000000002,-19.863500000000002,90.0,0.0,0.0,0.0,0.0,0.0,1.0,0.0,6
-19.761000000000003,-19.761000000000003,90.0,0.0,0.0,0.0,0.0,0.0,1.0,0.0,6
-19.658500000000004,-19.658499999999997,90.0,0.0,0.0,0.0,0.0,0.0,1.0,0.0,6
-19.556,-19.555999999999997,90.0,0.0,0.0,0.0,0.0,0.0,1.0,0.0,6
-19.4535,-19.453499999999995,90.0,0.0,0.0,0.0,0.0,0.0,1.0,0.0,6
-19.3505,-19.350499999999997,90.0,0.0,0.0,0.0,0.0,0.0,1.0,0.0,6
-19.248,-19.247999999999998,90.0,0.0,0.0,0.0,0.0,0.0,1.0,0.0,6
-19.145500000000002,-19.1455,90.0,0.0,0.0,0.0,0.0,0.0,1.0,0.0,6
-19.0425,-19.0425,90.0,0.0,0.0,0.0,0.0,0.0,1.0,0.0,6
-18.939999999999998,-18.939999999999998,90.0,0.0,0.0,0.0,0.0,0.0,1.0,0.0,6
-18.837500000000002,-18.8375,90.0,0.0,0.0,0.0,0.0,0.0,1.0,0.0,6
-18.735000000000003,-18.735,90.0,0.0,0.0,0.0,0.0,0.0,1.0,0.0,6
-18.6325,-18.6325,90.0,0.0,0.0,0.0,0.0,0.0,1.0,0.0,6
-18.5295,-18.5295,90.0,0.0,0.0,0.0,0.0,0.0,1.0,0.0,6
-18.427,-18.427,90.0,0.0,0.0,0.0,0.0,0.0,1.0,0.0,6
-18.3245,-18.3245,90.0,0.0,0.0,0.0,0.0,0.0,1.0,0.0,6
-18.221500000000002,-18.221500000000002,90.0,0.0,0.0,0.0,0.0,0.0,1.0,0.0,6
-18.119,-18.119,90.0,0.0,0.0,0.0,0.0,0.0,1.0,0.0,6
-18.0165,-18.0165,90.0,0.0,0.0,0.0,0.0,0.0,1.0,0.0,6
-17.913499999999996,-17.913500000000003,90.0,0.0,0.0,0.0,0.0,0.0,1.0,0.0,6
-17.811,-17.811000000000003,90.0,0.0,0.0,0.0,0.0,0.0,1.0,0.0,6
-17.708500000000004,-17.708500000000004,90.0,0.0,0.0,0.0,0.0,0.0,1.0,0.0,6
-17.605999999999998,-17.606,90.0,0.0,0.0,0.0,0.0,0.0,1.0,0.0,6
-17.503500000000003,-17.503500000000003,90.0,0.0,0.0,0.0,0.0,0.0,1.0,0.0,6
-17.400500000000005,-17.400500000000005,90.0,0.0,0.0,0.0,0.0,0.0,1.0,0.0,6
-17.298000000000002,-17.298000000000005,90.0,0.0,0.0,0.0,0.0,0.0,1.0,0.0,6
-17.1955,-17.1955,90.0,0.0,0.0,0.0,0.0,0.0,1.0,0.0,6
-17.092499999999998,-17.092499999999994,90.0,0.0,0.0,0.0,0.0,0.0,1.0,0.0,6
-16.99,-16.99,90.0,0.0,0.0,0.0,0.0,0.0,1.0,0.0,6
-16.8875,-16.887500000000006,90.0,0.0,0.0,0.0,0.0,0.0,1.0,0.0,6
-16.7845,-16.78450000000001,90.0,0.0,0.0,0.0,0.0,0.0,1.0,0.0,6
-16.682000000000002,-16.682000000000002,90.0,0.0,0.0,0.0,0.0,0.0,1.0,0.0,6
-16.5795,-16.579499999999996,90.0,0.0,0.0,0.0,0.0,0.0,1.0,0.0,6
-16.477,-16.477,90.0,0.0,0.0,0.0,0.0,0.0,1.0,0.0,6
-16.3745,-16.37450000000001,90.0,0.0,0.0,0.0,0.0,0.0,1.0,0.0,6
-16.271500000000003,-16.271500000000003,90.0,0.0,0.0,0.0,0.0,0.0,1.0,0.0,6
-16.168999999999997,-16.168999999999997,90.0,0.0,0.0,0.0,0.0,0.0,1.0,0.0,6
-16.066499999999998,-16.066499999999994,90.0,0.0,0.0,0.0,0.0,0.0,1.0,0.0,6
-15.9635,-15.963499999999996,90.0,0.0,0.0,0.0,0.0,0.0,1.0,-0.0,6
-15.861,-15.860999999999997,90.0,0.0,0.0,0.0,0.0,0.0,1.0,-0.0,6
-15.7585,-15.758499999999996,90.0,0.0,0.0,0.0,0.0,0.0,1.0,-0.0,6
-15.656,-15.655999999999997,90.0,0.0,0.0,0.0,0.0,0.0,1.0,-0.0,6
-15.5535,-15.553499999999996,90.0,0.0,0.0,0.0,0.0,0.0,1.0,-0.0,6
-15.450499999999998,-15.450499999999998,90.0,0.0,0.0,0.0,0.0,0.0,1.0,-0.0,6
-15.347999999999999,-15.347999999999999,90.0,0.0,0.0,0.0,0.0,0.0,1.0,-0.0,6
-15.245500000000002,-15.245499999999998,90.0,0.0,0.0,0.0,0.0,0.0,1.0,-0.0,6
-15.1425,-15.1425,90.0,0.0,0.0,0.0,0.0,0.0,1.0,-0.0,6
-15.04,-15.04,90.0,0.0,0.0,0.0,0.0,0.0,1.0,-0.0,6
-14.9375,-14.9375,90.0,0.0,0.0,0.0,0.0,0.0,1.0,-0.0,6
-14.8345,-14.8345,90.0,0.0,0.0,0.0,0.0,0.0,1.0,-0.0,6
-14.732000000000001,-14.732000000000001,90.0,0.0,0.0,0.0,0.0,0.0,1.0,-0.0,6
-14.6295,-14.6295,90.0,0.0,0.0,0.0,0.0,0.0,1.0,-0.0,6
-14.527000000000001,-14.527000000000001,90.0,0.0,0.0,0.0,0.0,0.0,1.0,-0.0,6
-14.4245,-14.4245,90.0,0.0,0.0,0.0,0.0,0.0,1.0,-0.0,6
-14.321499999999999,-14.321500000000002,90.0,0.0,0.0,0.0,0.0,0.0,1.0,-0.0,6
-14.219,-14.219000000000003,90.0,0.0,0.0,0.0,0.0,0.0,1.0,-0.0,6
-14.116499999999998,-14.116500000000002,90.0,0.0,0.0,0.0,0.0,0.0,1.0,-0.0,6
-14.0135,-14.013500000000004,90.0,0.0,0.0,0.0,0.0,0.0,1.0,-0.0,6
-13.911,-13.911000000000003,90.0,0.0,0.0,0.0,0.0,0.0,1.0,-0.0,6
-13.8085,-13.808500000000004,90.0,0.0,0.0,0.0,0.0,0.0,1.0,-0.0,6
-13.7055,-13.705500000000004,90.0,0.0,0.0,0.0,0.0,0.0,1.0,-0.0,6
-13.603,-13.603000000000005,90.0,0.0,0.0,0.0,0.0,0.0,1.0,-0.0,6
-13.500499999999999,-13.500499999999999,90.0,0.0,0.0,0.0,0.0,0.0,1.0,-0.0,6
-13.397999999999998,-13.397999999999998,90.0,0.0,0.0,0.0,0.0,0.0,1.0,-0.0,6
-13.295499999999999,-13.295500000000006,90.0,0.0,0.0,0.0,0.0,0.0,1.0,-0.0,6
-13.1925,-13.192500000000006,90.0,0.0,0.0,0.0,0.0,0.0,1.0,-0.0,6
-13.09,-13.09,90.0,0.0,0.0,0.0,0.0,0.0,1.0,-0.0,6
-12.9875,-12.987499999999994,90.0,0.0,0.0,0.0,0.0,0.0,1.0,-0.0,6
-12.884500000000001,-12.884499999999996,90.0,0.0,0.0,0.0,0.0,0.0,1.0,-0.0,6
-12.782000000000002,-12.782000000000002,90.0,0.0,0.0,0.0,0.0,0.0,1.0,-0.0,6
-12.6795,-12.6795,90.0,0.0,0.0,0.0,0.0,0.0,1.0,-0.0,6
-12.577000000000002,-12.576999999999995,90.0,0.0,0.0,0.0,0.0,0.0,1.0,-0.0,6
-12.4745,-12.474499999999995,90.0,0.0,0.0,0.0,0.0,0.0,1.0,-0.0,6
-12.3715,-12.371499999999996,90.0,0.0,0.0,0.0,0.0,0.0,1.0,-0.0,6
-12.269,-12.268999999999997,90.0,0.0,0.0,0.0,0.0,0.0,1.0,-0.0,6
-12.1665,-12.166499999999996,90.0,0.0,0.0,0.0,0.0,0.0,1.0,-0.0,6
-12.063500000000001,-12.063499999999998,90.0,0.0,0.0,0.0,0.0,0.0,1.0,0.0,6
-11.961,-11.960999999999999,90.0,0.0,0.0,0.0,0.0,0.0,1.0,0.0,6
-11.858500000000001,-11.858499999999998,90.0,0.0,0.0,0.0,0.0,0.0,1.0,0.0,6
-11.755500000000001,-11.7555,90.0,0.0,0.0,0.0,0.0,0.0,1.0,0.0,6
-11.653,-11.652999999999999,90.0,0.0,0.0,0.0,0.0,0.0,1.0,0.0,6
-11.550500000000001,-11.5505,90.0,0.0,0.0,0.0,0.0,0.0,1.0,0.0,6
-11.448,-11.447999999999999,90.0,0.0,0.0,0.0,0.0,0.0,1.0,0.0,6
-11.345500000000001,-11.3455,90.0,0.0,0.0,0.0,0.0,0.0,1.0,0.0,6
-11.2425,-11.2425,90.0,0.0,0.0,0.0,0.0,0.0,1.0,0.0,6
-11.14,-11.14,90.0,0.0,0.0,0.0,0.0,0.0,1.0,0.0,6
-11.0375,-11.0375,90.0,0.0,0.0,0.0,0.0,0.0,1.0,0.0,6
-10.9345,-10.934500000000002,90.0,0.0,0.0,0.0,0.0,0.0,1.0,0.0,6
-10.832,-10.832000000000003,90.0,0.0,0.0,0.0,0.0,0.0,1.0,0.0,6
-10.729500000000002,-10.729500000000002,90.0,0.0,0.0,0.0,0.0,0.0,1.0,0.0,6
-10.6265,-10.626500000000004,90.0,0.0,0.0,0.0,0.0,0.0,1.0,0.0,6
-10.524,-10.524000000000003,90.0,0.0,0.0,0.0,0.0,0.0,1.0,0.0,6
-10.4215,-10.421500000000004,90.0,0.0,0.0,0.0,0.0,0.0,1.0,0.0,6
-10.319,-10.319000000000003,90.0,0.0,0.0,0.0,0.0,0.0,1.0,0.0,6
-10.2165,-10.216500000000003,90.0,0.0,0.0,0.0,0.0,0.0,1.0,0.0,6
-10.113499999999998,-10.113500000000004,90.0,0.0,0.0,0.0,0.0,0.0,1.0,0.0,6
-10.011,-10.011000000000005,90.0,0.0,0.0,0.0,0.0,0.0,1.0,0.0,6
-9.9085,-9.908499999999998,90.0,0.0,0.0,0.0,0.0,0.0,1.0,0.0,6
-9.8055,-9.805499999999993,90.0,0.0,0.0,0.0,0.0,0.0,1.0,0.0,6
-9.703,-9.703,90.0,0.0,0.0,0.0,0.0,0.0,1.0,0.0,6
-9.6005,-9.600500000000006,90.0,0.0,0.0,0.0,0.0,0.0,1.0,0.0,6
-9.498,-9.498,90.0,0.0,0.0,0.0,0.0,0.0,1.0,0.0,6
-9.3955,-9.395499999999993,90.0,0.0,0.0,0.0,0.0,0.0,1.0,0.0,6
-9.2925,-9.292499999999995,90.0,0.0,0.0,0.0,0.0,0.0,1.0,0.0,6
-9.190000000000001,-9.190000000000001,90.0,0.0,0.0,0.0,0.0,0.0,1.0,0.0,6
-9.0875,-9.0875,90.0,0.0,0.0,0.0,0.0,0.0,1.0,0.0,6
-8.984499999999999,-8.984499999999995,90.0,0.0,0.0,0.0,0.0,0.0,1.0,0.0,6
-8.882,-8.881999999999996,90.0,0.0,0.0,0.0,0.0,0.0,1.0,0.0,6
-8.779499999999999,-8.779499999999995,90.0,0.0,0.0,0.0,0.0,0.0,1.0,0.0,6
-8.6765,-8.676499999999997,90.0,0.0,0.0,0.0,0.0,0.0,1.0,0.0,6
-8.574,-8.573999999999998,90.0,0.0,0.0,0.0,0.0,0.0,1.0,0.0,6
-8.4715,-8.471499999999997,90.0,0.0,0.0,0.0,0.0,0.0,1.0,0.0,6
-8.369,-8.368999999999998,90.0,0.0,0.0,0.0,0.0,0.0,1.0,0.0,6
-8.2665,-8.266499999999997,90.0,0.0,0.0,0.0,0.0,0.0,1.0,0.0,6
-8.1635,-8.163499999999999,90.0,0.0,0.0,0.0,0.0,0.0,1.0,0.0,6
-8.061,-8.060999999999998,90.0,0.0,0.0,0.0,0.0,0.0,1.0,0.0,6
-7.9585,-7.958499999999999,90.0,0.0,0.0,0.0,0.0,0.0,1.0,0.0,6
-7.8555,-7.8555,90.0,0.0,0.0,0.0,0.0,0.0,1.0,0.0,6
-7.753,-7.753,90.0,0.0,0.0,0.0,0.0,0.0,1.0,0.0,6
-7.6505,-7.6505,90.0,0.0,0.0,0.0,0.0,0.0,1.0,0.0,6
-7.548,-7.548,90.0,0.0,0.0,0.0,0.0,0.0,1.0,0.0,6
-7.4455,-7.4455,90.0,0.0,0.0,0.0,0.0,0.0,1.0,0.0,6
-7.342500000000001,-7.342500000000001,90.0,0.0,0.0,0.0,0.0,0.0,1.0,0.0,6
-7.240000000000001,-7.240000000000001,90.0,0.0,0.0,0.0,0.0,0.0,1.0,0.0,6
-7.1375,-7.137500000000001,90.0,0.0,0.0,0.0,0.0,0.0,1.0,0.0,6
-7.0345,-7.034500000000002,90.0,0.0,0.0,0.0,0.0,0.0,1.0,0.0,6
-6.932,-6.932000000000003,90.0,0.0,0.0,0.0,0.0,0.0,1.0,0.0,6
-6.8294999999999995,-6.829500000000003,90.0,0.0,0.0,0.0,0.0,0.0,1.0,0.0,6
-6.726499999999999,-6.726500000000004,90.0,0.0,0.0,0.0,0.0,0.0,1.0,0.0,6
-6.624,-6.624000000000004,90.0,0.0,0.0,0.0,0.0,0.0,1.0,0.0,6
-6.5215,-6.521500000000004,90.0,0.0,0.0,0.0,0.0,0.0,1.0,0.0,6
-6.4190000000000005,-6.419000000000004,90.0,0.0,0.0,0.0,0.0,0.0,1.0,0.0,6
-6.3165000000000004,-6.316500000000004,90.0,0.0,0.0,0.0,0.0,0.0,1.0,0.0,6
-6.2135,-6.213499999999999,90.0,0.0,0.0,0.0,0.0,0.0,1.0,0.0,6
-6.111,-6.110999999999999,90.0,0.0,0.0,0.0,0.0,0.0,1.0,0.0,6
-6.0085,-6.008500000000005,90.0,0.0,0.0,0.0,0.0,0.0,1.0,0.0,6
-5.9055,-5.9055,90.0,0.0,0.0,0.0,0.0,0.0,1.0,0.0,6
-5.803,-5.802999999999994,90.0,0.0,0.0,0.0,0.0,0.0,1.0,0.0,6
-5.700500000000001,-5.700499999999994,90.0,0.0,0.0,0.0,0.0,0.0,1.0,0.0,6
-5.5975,-5.597499999999996,90.0,0.0,0.0,0.0,0.0,0.0,1.0,0.0,6
-5.495,-5.494999999999996,90.0,0.0,0.0,0.0,0.0,0.0,1.0,0.0,6
-5.3925,-5.392499999999996,90.0,0.0,0.0,0.0,0.0,0.0,1.0,0.0,6
-5.29,-5.289999999999996,90.0,0.0,0.0,0.0,0.0,0.0,1.0,0.0,6
-5.1875,-5.187499999999996,90.0,0.0,0.0,0.0,0.0,0.0,1.0,0.0,6
-5.0845,-5.084499999999997,90.0,0.0,0.0,0.0,0.0,0.0,1.0,0.0,6
-4.982,-4.981999999999997,90.0,0.0,0.0,0.0,0.0,0.0,1.0,0.0,6
-4.8795,-4.879499999999997,90.0,0.0,0.0,0.0,0.0,0.0,1.0,0.0,6
-4.7764999999999995,-4.776499999999998,90.0,0.0,0.0,0.0,0.0,0.0,1.0,0.0,6
-4.6739999999999995,-4.673999999999998,90.0,0.0,0.0,0.0,0.0,0.0,1.0,0.0,6
-4.5714999999999995,-4.571499999999998,90.0,0.0,0.0,0.0,0.0,0.0,1.0,0.0,6
-4.468999999999999,-4.4689999999999985,90.0,0.0,0.0,0.0,0.0,0.0,1.0,0.0,6
-4.366499999999999,-4.3664999999999985,90.0,0.0,0.0,0.0,0.0,0.0,1.0,0.0,6
-4.2635000000000005,-4.2635,90.0,0.0,0.0,0.0,0.0,0.0,1.0,0.0,6
-4.1610000000000005,-4.161,90.0,0.0,0.0,0.0,0.0,0.0,1.0,0.0,6
-4.0585,-4.0584999999999996,90.0,0.0,0.0,0.0,0.0,0.0,1.0,0.0,6
-3.9555,-3.9555000000000007,90.0,0.0,0.0,0.0,0.0,0.0,1.0,0.0,6
-3.853,-3.8530000000000006,90.0,0.0,0.0,0.0,0.0,0.0,1.0,0.0,6
-3.7505,-3.7505000000000006,90.0,0.0,0.0,0.0,0.0,0.0,1.0,-0.0,6
-3.6475000000000004,-3.647500000000002,90.0,0.0,0.0,0.0,0.0,0.0,1.0,-0.0,6
-3.5450000000000004,-3.545000000000002,90.0,0.0,0.0,0.0,0.0,0.0,1.0,-0.0,6
-3.4425000000000003,-3.442500000000002,90.0,0.0,0.0,0.0,0.0,0.0,1.0,-0.0,6
-3.3400000000000003,-3.340000000000002,90.0,0.0,0.0,0.0,0.0,0.0,1.0,-0.0,6
-3.2375000000000003,-3.237500000000002,90.0,0.0,0.0,0.0,0.0,0.0,1.0,-0.0,6
-3.1345000000000005,-3.1345000000000036,90.0,0.0,0.0,0.0,0.0,0.0,1.0,-0.0,6
-3.0320000000000005,-3.0320000000000036,90.0,0.0,0.0,0.0,0.0,0.0,1.0,-0.0,6
-2.9295000000000004,-2.9295000000000035,90.0,0.0,0.0,0.0,0.0,0.0,1.0,-0.0,6
-2.8265000000000002,-2.8265000000000047,90.0,0.0,0.0,0.0,0.0,0.0,1.0,-0.0,6
-2.724,-2.7240000000000046,90.0,0.0,0.0,0.0,0.0,0.0,1.0,-0.0,6
-2.6215,-2.621500000000005,90.0,0.0,0.0,0.0,0.0,0.0,1.0,-0.0,6
-2.5185,-2.5185,90.0,0.0,0.0,0.0,0.0,0.0,1.0,-0.0,6
-2.4160000000000004,-2.416,90.0,0.0,0.0,0.0,0.0,0.0,1.0,-0.0,6
-2.3135000000000003,-2.3135,90.0,0.0,0.0,0.0,0.0,0.0,1.0,-0.0,6
-2.211,-2.211,90.0,0.0,0.0,0.0,0.0,0.0,1.0,-0.0,6
-2.1085,-2.1085,90.0,0.0,0.0,0.0,0.0,0.0,1.0,-0.0,6
-2.0055,-2.0054999999999947,90.0,0.0,0.0,0.0,0.0,0.0,1.0,-0.0,6
-1.903,-1.902999999999995,90.0,0.0,0.0,0.0,0.0,0.0,1.0,-0.0,6
-1.8005,-1.8004999999999949,90.0,0.0,0.0,0.0,0.0,0.0,1.0,-0.0,6
-1.6975000000000002,-1.6974999999999962,90.0,0.0,0.0,0.0,0.0,0.0,1.0,-0.0,6
-1.5950000000000002,-1.5949999999999962,90.0,0.0,0.0,0.0,0.0,0.0,1.0,-0.0,6
-1.4925000000000002,-1.4924999999999962,90.0,0.0,0.0,0.0,0.0,0.0,1.0,-0.0,6
-1.39,-1.3899999999999961,90.0,0.0,0.0,0.0,0.0,0.0,1.0,-0.0,6
-1.2875,-1.2874999999999963,90.0,0.0,0.0,0.0,0.0,0.0,1.0,-0.0,6
-1.1844999999999999,-1.1844999999999977,90.0,0.0,0.0,0.0,0.0,0.0,1.0,-0.0,6
-1.082,-1.0819999999999976,90.0,0.0,0.0,0.0,0.0,0.0,1.0,-0.0,6
-0.9794999999999999,-0.9794999999999976,90.0,0.0,0.0,0.0,0.0,0.0,1.0,-0.0,6
-0.8765000000000001,-0.876499999999999,90.0,0.0,0.0,0.0,0.0,0.0,1.0,-0.0,6
-0.7739999999999999,-0.7739999999999989,90.0,0.0,0.0,0.0,0.0,0.0,1.0,-0.0,6
-0.6715,-0.671499999999999,90.0,0.0,0.0,0.0,0.0,0.0,1.0,-0.0,6
-0.5685000000000001,-0.5685000000000002,90.0,0.0,0.0,0.0,0.0,0.0,1.0,-0.0,6
-0.46599999999999997,-0.46600000000000025,90.0,0.0,0.0,0.0,0.0,0.0,1.0,0.0,6
-0.3635,-0.36350000000000027,90.0,0.0,0.0,0.0,0.0,0.0,1.0,0.0,6
-0.261,-0.2610000000000003,90.0,0.0,0.0,0.0,0.0,0.0,1.0,0.0,6
-0.1585,-0.1585000000000003,90.0,0.0,0.0,0.0,0.0,0.0,1.0,-0.0,6
-0.055499999999999994,-0.05550000000000164,90.0,0.0,0.0,0.0,0.0,0.0,1.0,-0.0,6
0.047,0.04699999999999835,90.0,0.0,0.0,0.0,0.0,0.0,1.0,-0.0,6
0.1495,0.14949999999999833,90.0,0.0,0.0,0.0,0.0,0.0,1.0,-0.0,6
0.2525,0.252499999999997,90.0,0.0,0.0,0.0,0.0,0.0,1.0,-0.0,6
0.355,0.354999999999997,90.0,0.0,0.0,0.0,0.0,0.0,1.0,-0.0,6
0.45749999999999996,0.45749999999999696,90.0,0.0,0.0,0.0,0.0,0.0,1.0,-0.0,6
0.5605,0.5604999999999957,90.0,0.0,0.0,0.0,0.0,0.0,1.0,-0.0,6
0.663,0.6629999999999957,90.0,0.0,0.0,0.0,0.0,0.0,1.0,-0.0,6
0.7655,0.7654999999999956,90.0,0.0,0.0,0.0,0.0,0.0,1.0,-0.0,6
0.868,0.8679999999999957,90.0,0.0,0.0,0.0,0.0,0.0,1.0,-0.0,6
0.9705,0.9704999999999956,90.0,0.0,0.0,0.0,0.0,0.0,1.0,-0.0,6
1.0735000000000001,1.0735000000000006,90.0,0.0,0.0,0.0,0.0,0.0,1.0,-0.0,6
1.176,1.1760000000000006,90.0,0.0,0.0,0.0,0.0,0.0,1.0,-0.0,6
1.2785000000000002,1.2785000000000006,90.0,0.0,0.0,0.0,0.0,0.0,1.0,-0.0,6
1.3815000000000002,1.3815000000000057,90.0,0.0,0.0,0.0,0.0,0.0,1.0,-0.0,6
1.484,1.4840000000000058,90.0,0.0,0.0,0.0,0.0,0.0,1.0,-0.0,6
1.5865,1.5865000000000056,90.0,0.0,0.0,0.0,0.0,0.0,1.0,-0.0,6
1.689,1.6890000000000056,90.0,0.0,0.0,0.0,0.0,0.0,1.0,-0.0,6
1.7915,1.7915000000000056,90.0,0.0,0.0,0.0,0.0,0.0,1.0,-0.0,6
1.8945000000000003,1.8945000000000043,90.0,0.0,0.0,0.0,0.0,0.0,1.0,-0.0,6
1.9970000000000003,1.9970000000000043,90.0,0.0,0.0,0.0,0.0,0.0,1.0,-0.0,6
2.0995000000000004,2.0995000000000044,90.0,0.0,0.0,0.0,0.0,0.0,1.0,-0.0,6
2.2024999999999997,2.202500000000003,90.0,0.0,0.0,0.0,0.0,0.0,1.0,-0.0,6
2.3049999999999997,2.305000000000003,90.0,0.0,0.0,0.0,0.0,0.0,1.0,-0.0,6
2.4075,2.407500000000003,90.0,0.0,0.0,0.0,0.0,0.0,1.0,-0.0,6
2.5105,2.5105000000000017,90.0,0.0,0.0,0.0,0.0,0.0,1.0,-0.0,6
2.613,2.6130000000000018,90.0,0.0,0.0,0.0,0.0,0.0,1.0,-0.0,6
2.7155,2.7155000000000014,90.0,0.0,0.0,0.0,0.0,0.0,1.0,-0.0,6
2.818,2.8180000000000014,90.0,0.0,0.0,0.0,0.0,0.0,1.0,-0.0,6
2.9205,2.9205000000000014,90.0,0.0,0.0,0.0,0.0,0.0,1.0,-0.0,6
3.0235000000000003,3.0235000000000003,90.0,0.0,0.0,0.0,0.0,0.0,1.0,-0.0,6
3.1260000000000003,3.1260000000000003,90.0,0.0,0.0,0.0,0.0,0.0,1.0,-0.0,6
3.2285000000000004,3.2285000000000004,90.0,0.0,0.0,0.0,0.0,0.0,1.0,-0.0,6
3.3315,3.331499999999999,90.0,0.0,0.0,0.0,0.0,0.0,1.0,-0.0,6
3.434,3.433999999999999,90.0,0.0,0.0,0.0,0.0,0.0,1.0,-0.0,6
3.5364999999999998,3.536499999999999,90.0,0.0,0.0,0.0,0.0,0.0,1.0,-0.0,6
3.6390000000000002,3.638999999999999,90.0,0.0,0.0,0.0,0.0,0.0,1.0,-0.0,6
3.7415000000000003,3.741499999999999,90.0,0.0,0.0,0.0,0.0,0.0,1.0,-0.0,6
3.8445000000000005,3.8444999999999974,90.0,0.0,0.0,0.0,0.0,0.0,1.0,-0.0,6
3.9470000000000005,3.9469999999999974,90.0,0.0,0.0,0.0,0.0,0.0,1.0,-0.0,6
4.049500000000001,4.049499999999997,90.0,0.0,0.0,0.0,0.0,0.0,1.0,-0.0,6
4.152499999999999,4.152499999999996,90.0,0.0,0.0,0.0,0.0,0.0,1.0,-0.0,6
4.254999999999999,4.254999999999996,90.0,0.0,0.0,0.0,0.0,0.0,1.0,-0.0,6
4.3575,4.357499999999996,90.0,0.0,0.0,0.0,0.0,0.0,1.0,-0.0,6
4.4605,4.460499999999995,90.0,0.0,0.0,0.0,0.0,0.0,1.0,-0.0,6
4.563,4.562999999999994,90.0,0.0,0.0,0.0,0.0,0.0,1.0,0.0,6
4.6655,4.665499999999994,90.0,0.0,0.0,0.0,0.0,0.0,1.0,0.0,6
4.768,4.7679999999999945,90.0,0.0,0.0,0.0,0.0,0.0,1.0,0.0,6
4.8705,4.8704999999999945,90.0,0.0,0.0,0.0,0.0,0.0,1.0,0.0,6
4.9735,4.9735,90.0,0.0,0.0,0.0,0.0,0.0,1.0,0.0,6
5.076,5.076,90.0,0.0,0.0,0.0,0.0,0.0,1.0,0.0,6
5.1785,5.1785,90.0,0.0,0.0,0.0,0.0,0.0,1.0,0.0,6
5.2815,5.281500000000005,90.0,0.0,0.0,0.0,0.0,0.0,1.0,0.0,6
5.384,5.384000000000005,90.0,0.0,0.0,0.0,0.0,0.0,1.0,0.0,6
5.4865,5.486500000000005,90.0,0.0,0.0,0.0,0.0,0.0,1.0,0.0,6
5.5895,5.589500000000004,90.0,0.0,0.0,0.0,0.0,0.0,1.0,0.0,6
5.692,5.692000000000004,90.0,0.0,0.0,0.0,0.0,0.0,1.0,0.0,6
5.7945,5.794500000000004,90.0,0.0,0.0,0.0,0.0,0.0,1.0,0.0,6
5.897,5.897000000000004,90.0,0.0,0.0,0.0,0.0,0.0,1.0,0.0,6
5.9995,5.999500000000004,90.0,0.0,0.0,0.0,0.0,0.0,1.0,0.0,6
6.102500000000001,6.102500000000002,90.0,0.0,0.0,0.0,0.0,0.0,1.0,0.0,6
6.205,6.205000000000002,90.0,0.0,0.0,0.0,0.0,0.0,1.0,0.0,6
6.3075,6.307500000000002,90.0,0.0,0.0,0.0,0.0,0.0,1.0,0.0,6
6.4105,6.410500000000001,90.0,0.0,0.0,0.0,0.0,0.0,1.0,0.0,6
6.513000000000001,6.513000000000001,90.0,0.0,0.0,0.0,0.0,0.0,1.0,0.0,6
6.615500000000001,6.615500000000001,90.0,0.0,0.0,0.0,0.0,0.0,1.0,0.0,6
6.718000000000001,6.718000000000001,90.0,0.0,0.0,0.0,0.0,0.0,1.0,0.0,6
6.820500000000001,6.820500000000001,90.0,0.0,0.0,0.0,0.0,0.0,1.0,0.0,6
6.9235,6.9235,90.0,0.0,0.0,0.0,0.0,0.0,1.0,0.0,6
7.025999999999999,7.025999999999999,90.0,0.0,0.0,0.0,0.0,0.0,1.0,0.0,6
7.1285,7.128499999999999,90.0,0.0,0.0,0.0,0.0,0.0,1.0,0.0,6
7.231500000000001,7.231499999999998,90.0,0.0,0.0,0.0,0.0,0.0,1.0,0.0,6
7.334000000000001,7.333999999999998,90.0,0.0,0.0,0.0,0.0,0.0,1.0,0.0,6
7.436500000000001,7.436499999999998,90.0,0.0,0.0,0.0,0.0,0.0,1.0,0.0,6
7.539499999999999,7.539499999999997,90.0,0.0,0.0,0.0,0.0,0.0,1.0,0.0,6
7.6419999999999995,7.641999999999997,90.0,0.0,0.0,0.0,0.0,0.0,1.0,0.0,6
7.7444999999999995,7.744499999999997,90.0,0.0,0.0,0.0,0.0,0.0,1.0,0.0,6
7.8469999999999995,7.846999999999997,90.0,0.0,0.0,0.0,0.0,0.0,1.0,0.0,6
7.9495,7.949499999999997,90.0,0.0,0.0,0.0,0.0,0.0,1.0,0.0,6
8.052499999999998,8.052499999999995,90.0,0.0,0.0,0.0,0.0,0.0,1.0,0.0,6
8.154999999999998,8.154999999999996,90.0,0.0,0.0,0.0,0.0,0.0,1.0,0.0,6
8.257499999999999,8.257499999999995,90.0,0.0,0.0,0.0,0.0,0.0,1.0,0.0,6
8.3605,8.3605,90.0,0.0,0.0,0.0,0.0,0.0,1.0,0.0,6
8.463000000000001,8.463000000000001,90.0,0.0,0.0,0.0,0.0,0.0,1.0,0.0,6
8.5655,8.5655,90.0,0.0,0.0,0.0,0.0,0.0,1.0,0.0,6
8.668500000000002,8.668500000000005,90.0,0.0,0.0,0.0,0.0,0.0,1.0,0.0,6
8.771,8.771000000000006,90.0,0.0,0.0,0.0,0.0,0.0,1.0,0.0,6
8.8735,8.873500000000005,90.0,0.0,0.0,0.0,0.0,0.0,1.0,0.0,6
8.976,8.975999999999999,90.0,0.0,0.0,0.0,0.0,0.0,1.0,0.0,6
9.0785,9.078499999999998,90.0,0.0,0.0,0.0,0.0,0.0,1.0,0.0,6
9.181500000000002,9.181500000000003,90.0,0.0,0.0,0.0,0.0,0.0,1.0,0.0,6
9.284,9.284000000000004,90.0,0.0,0.0,0.0,0.0,0.0,1.0,0.0,6
9.3865,9.386500000000003,90.0,0.0,0.0,0.0,0.0,0.0,1.0,0.0,6
9.4895,9.489500000000003,90.0,0.0,0.0,0.0,0.0,0.0,1.0,0.0,6
9.592,9.592000000000002,90.0,0.0,0.0,0.0,0.0,0.0,1.0,0.0,6
9.694500000000001,9.694500000000003,90.0,0.0,0.0,0.0,0.0,0.0,1.0,0.0,6
9.797,9.797000000000002,90.0,0.0,0.0,0.0,0.0,0.0,1.0,0.0,6
9.899500000000002,9.899500000000003,90.0,0.0,0.0,0.0,0.0,0.0,1.0,0.0,6
10.002500000000001,10.002500000000001,90.0,0.0,0.0,0.0,0.0,0.0,1.0,0.0,6
10.105,10.105,90.0,0.0,0.0,0.0,0.0,0.0,1.0,0.0,6
10.207500000000001,10.207500000000001,90.0,0.0,0.0,0.0,0.0,0.0,1.0,0.0,6
10.3105,10.3105,90.0,0.0,0.0,0.0,0.0,0.0,1.0,0.0,6
10.413,10.413,90.0,0.0,0.0,0.0,0.0,0.0,1.0,0.0,6
10.5155,10.5155,90.0,0.0,0.0,0.0,0.0,0.0,1.0,0.0,6
10.618500000000001,10.6185,90.0,0.0,0.0,0.0,0.0,0.0,1.0,0.0,6
10.721,10.720999999999998,90.0,0.0,0.0,0.0,0.0,0.0,1.0,0.0,6
10.8235,10.8235,90.0,0.0,0.0,0.0,0.0,0.0,1.0,0.0,6
10.926,10.925999999999998,90.0,0.0,0.0,0.0,0.0,0.0,1.0,0.0,6
11.028500000000001,11.0285,90.0,0.0,0.0,0.0,0.0,0.0,1.0,0.0,6
11.1315,11.131499999999997,90.0,0.0,0.0,0.0,0.0,0.0,1.0,0.0,6
11.234,11.233999999999996,90.0,0.0,0.0,0.0,0.0,0.0,1.0,0.0,6
11.336500000000001,11.336499999999997,90.0,0.0,0.0,0.0,0.0,0.0,1.0,0.0,6
11.439499999999999,11.439499999999995,90.0,0.0,0.0,0.0,0.0,0.0,1.0,0.0,6
11.542,11.541999999999996,90.0,0.0,0.0,0.0,0.0,0.0,1.0,0.0,6
11.644499999999999,11.644499999999995,90.0,0.0,0.0,0.0,0.0,0.0,1.0,0.0,6
11.7475,11.747499999999995,90.0,0.0,0.0,0.0,0.0,0.0,1.0,0.0,6
11.850000000000001,11.849999999999994,90.0,0.0,0.0,0.0,0.0,0.0,1.0,0.0,6
11.9525,11.9525,90.0,0.0,0.0,0.0,0.0,0.0,1.0,0.0,6
12.055000000000001,12.055000000000001,90.0,0.0,0.0,0.0,0.0,0.0,1.0,0.0,6
12.1575,12.157499999999994,90.0,0.0,0.0,0.0,0.0,0.0,1.0,0.0,6
12.260499999999999,12.260499999999999,90.0,0.0,0.0,0.0,0.0,0.0,1.0,0.0,6
12.363,12.363000000000007,90.0,0.0,0.0,0.0,0.0,0.0,1.0,0.0,6
12.465499999999999,12.465500000000006,90.0,0.0,0.0,0.0,0.0,0.0,1.0,0.0,6
12.5685,12.568500000000004,90.0,0.0,0.0,0.0,0.0,0.0,1.0,0.0,6
12.671,12.671000000000005,90.0,0.0,0.0,0.0,0.0,0.0,1.0,0.0,6
12.7735,12.773500000000004,90.0,0.0,0.0,0.0,0.0,0.0,1.0,0.0,6
12.876,12.876000000000005,90.0,0.0,0.0,0.0,0.0,0.0,1.0,0.0,6
12.9785,12.978500000000004,90.0,0.0,0.0,0.0,0.0,0.0,1.0,0.0,6
13.0815,13.081500000000004,90.0,0.0,0.0,0.0,0.0,0.0,1.0,0.0,6
13.184,13.184000000000003,90.0,0.0,0.0,0.0,0.0,0.0,1.0,0.0,6
13.2865,13.286500000000004,90.0,0.0,0.0,0.0,0.0,0.0,1.0,0.0,6
13.3895,13.389500000000002,90.0,0.0,0.0,0.0,0.0,0.0,1.0,0.0,6
13.492,13.492,90.0,0.0,0.0,0.0,0.0,0.0,1.0,0.0,6
13.5945,13.594500000000002,90.0,0.0,0.0,0.0,0.0,0.0,1.0,0.0,6
13.6975,13.6975,90.0,0.0,0.0,0.0,0.0,0.0,1.0,0.0,6
13.8,13.8,90.0,0.0,0.0,0.0,0.0,0.0,1.0,0.0,6
13.9025,13.9025,90.0,0.0,0.0,0.0,0.0,0.0,1.0,0.0,6
14.005,14.005,90.0,0.0,0.0,0.0,0.0,0.0,1.0,0.0,6
14.1075,14.1075,90.0,0.0,0.0,0.0,0.0,0.0,1.0,0.0,6
14.210500000000001,14.2105,90.0,0.0,0.0,0.0,0.0,0.0,1.0,0.0,6
14.312999999999999,14.312999999999999,90.0,0.0,0.0,0.0,0.0,0.0,1.0,0.0,6
14.4155,14.4155,90.0,0.0,0.0,0.0,0.0,0.0,1.0,0.0,6
14.518500000000001,14.518499999999998,90.0,0.0,0.0,0.0,0.0,0.0,1.0,0.0,6
14.621,14.620999999999997,90.0,0.0,0.0,0.0,0.0,0.0,1.0,0.0,6
14.723500000000001,14.723499999999998,90.0,0.0,0.0,0.0,0.0,0.0,1.0,0.0,6
14.826,14.825999999999997,90.0,0.0,0.0,0.0,0.0,0.0,1.0,0.0,6
14.928500000000001,14.928499999999998,90.0,0.0,0.0,0.0,0.0,0.0,1.0,0.0,6
15.031500000000003,15.031500000000003,90.0,0.0,0.0,0.0,0.0,0.0,1.0,0.0,6
15.134000000000002,15.134000000000002,90.0,0.0,0.0,0.0,0.0,0.0,1.0,0.0,6
15.236500000000003,15.236499999999996,90.0,0.0,0.0,0.0,0.0,0.0,1.0,0.0,6
15.339500000000001,15.339499999999996,90.0,0.0,0.0,0.0,0.0,0.0,1.0,0.0,6
15.442000000000002,15.442000000000002,90.0,0.0,0.0,0.0,0.0,0.0,1.0,0.0,6
15.544500000000001,15.544500000000008,90.0,0.0,0.0,0.0,0.0,0.0,1.0,0.0,6
15.647499999999999,15.647500000000006,90.0,0.0,0.0,0.0,0.0,0.0,1.0,0.0,6
15.75,15.75,90.0,0.0,0.0,0.0,0.0,0.0,1.0,0.0,6
15.8525,15.852499999999994,90.0,0.0,0.0,0.0,0.0,0.0,1.0,0.0,6
15.955,15.955,90.0,0.0,0.0,0.0,0.0,0.0,1.0,0.0,6
16.0575,16.057500000000005,90.0,0.0,0.0,0.0,0.0,0.0,1.0,0.0,6
16.160500000000003,16.160500000000006,90.0,0.0,0.0,0.0,0.0,0.0,1.0,0.0,6
16.262999999999998,16.262999999999998,90.0,0.0,0.0,0.0,0.0,0.0,1.0,0.0,6
16.365499999999997,16.365499999999997,90.0,0.0,0.0,0.0,0.0,0.0,1.0,0.0,6
16.4685,16.468500000000002,90.0,0.0,0.0,0.0,0.0,0.0,1.0,0.0,6
16.571,16.571000000000005,90.0,0.0,0.0,0.0,0.0,0.0,1.0,0.0,6
16.673500000000004,16.673500000000004,90.0,0.0,0.0,0.0,0.0,0.0,1.0,0.0,6
16.776500000000002,16.776500000000002,90.0,0.0,0.0,0.0,0.0,0.0,1.0,0.0,6
16.878999999999998,16.879,90.0,0.0,0.0,0.0,0.0,0.0,1.0,0.0,6
16.9815,16.9815,90.0,0.0,0.0,0.0,0.0,0.0,1.0,0.0,6
17.084000000000003,17.084000000000003,90.0,0.0,0.0,0.0,0.0,0.0,1.0,0.0,6
17.186500000000002,17.186500000000002,90.0,0.0,0.0,0.0,0.0,0.0,1.0,0.0,6
17.2895,17.2895,90.0,0.0,0.0,0.0,0.0,0.0,1.0,0.0,6
17.392,17.392,90.0,0.0,0.0,0.0,0.0,0.0,1.0,0.0,6
17.494500000000002,17.494500000000002,90.0,0.0,0.0,0.0,0.0,0.0,1.0,0.0,6
17.5975,17.5975,90.0,0.0,0.0,0.0,0.0,0.0,1.0,0.0,6
17.7,17.7,90.0,0.0,0.0,0.0,0.0,0.0,1.0,0.0,6
17.8025,17.8025,90.0,0.0,0.0,0.0,0.0,0.0,1.0,0.0,6
17.905,17.905,90.0,0.0,0.0,0.0,0.0,0.0,1.0,0.0,6
18.0075,18.0075,90.0,0.0,0.0,0.0,0.0,0.0,1.0,0.0,6
18.110500000000002,18.1105,90.0,0.0,0.0,0.0,0.0,0.0,1.0,0.0,6
18.212999999999997,18.212999999999997,90.0,0.0,0.0,0.0,0.0,0.0,1.0,0.0,6
18.315499999999997,18.315499999999997,90.0,0.0,0.0,0.0,0.0,0.0,1.0,0.0,6
18.4185,18.418499999999998,90.0,0.0,0.0,0.0,0.0,0.0,1.0,0.0,6
18.521,18.520999999999997,90.0,0.0,0.0,0.0,0.0,0.0,1.0,0.0,6
18.623500000000003,18.623500000000003,90.0,0.0,0.0,0.0,0.0,0.0,1.0,0.0,6
18.7265,18.7265,90.0,0.0,0.0,0.0,0.0,0.0,1.0,0.0,6
18.828999999999997,18.828999999999997,90.0,0.0,0.0,0.0,0.0,0.0,1.0,0.0,6
18.931500000000003,18.931499999999996,90.0,0.0,0.0,0.0,0.0,0.0,1.0,0.0,6
19.034000000000002,19.034000000000002,90.0,0.0,0.0,0.0,0.0,0.0,1.0,0.0,6
19.1365,19.1365,90.0,0.0,0.0,0.0,0.0,0.0,1.0,0.0,6
19.2395,19.2395,90.0,0.0,0.0,0.0,0.0,0.0,1.0,0.0,6
19.342,19.342,90.0,0.0,0.0,0.0,0.0,0.0,1.0,0.0,6
19.4445,19.444499999999994,90.0,0.0,0.0,0.0,0.0,0.0,1.0,0.0,6
19.5475,19.5475,90.0,0.0,0.0,0.0,0.0,0.0,1.0,0.0,6
19.65,19.650000000000006,90.0,0.0,0.0,0.0,0.0,0.0,1.0,0.0,6
19.752499999999998,19.752500000000005,90.0,0.0,0.0,0.0,0.0,0.0,1.0,0.0,6
19.8555,19.855500000000003,90.0,0.0,0.0,0.0,0.0,0.0,1.0,0.0,6
19.958000000000002,19.958000000000006,90.0,0.0,0.0,0.0,0.0,0.0,1.0,0.0,6
20.0605,20.060500000000005,90.0,0.0,0.0,0.0,0.0,0.0,1.0,-0.0,6
20.162999999999997,20.163000000000004,90.0,0.0,0.0,0.0,0.0,0.0,1.0,-0.0,6
20.2655,20.265500000000003,90.0,0.0,0.0,0.0,0.0,0.0,1.0,-0.0,6
20.368500000000004,20.368500000000004,90.0,0.0,0.0,0.0,0.0,0.0,1.0,-0.0,6
20.471000000000004,20.471000000000004,90.0,0.0,0.0,0.0,0.0,0.0,1.0,-0.0,6
20.5735,20.573500000000003,90.0,0.0,0.0,0.0,0.0,0.0,1.0,-0.0,6
20.6765,20.6765,90.0,0.0,0.0,0.0,0.0,0.0,1.0,-0.0,6
20.779,20.779,90.0,0.0,0.0,0.0,0.0,0.0,1.0,-0.0,6
20.881500000000003,20.881500000000003,90.0,0.0,0.0,0.0,0.0,0.0,1.0,-0.0,6
20.984,20.984,90.0,0.0,0.0,0.0,0.0,0.0,1.0,-0.0,6
21.0865,21.0865,90.0,0.0,0.0,0.0,0.0,0.0,1.0,-0.0,6
21.1895,21.1895,90.0,0.0,0.0,0.0,0.0,0.0,1.0,-0.0,6
21.292,21.292,90.0,0.0,0.0,0.0,0.0,0.0,1.0,-0.0,6
21.3945,21.3945,90.0,0.0,0.0,0.0,0.0,0.0,1.0,-0.0,6
21.497500000000002,21.4975,90.0,0.0,0.0,0.0,0.0,0.0,1.0,-0.0,6
21.599999999999998,21.599999999999998,90.0,0.0,0.0,0.0,0.0,0.0,1.0,-0.0,6
21.702499999999997,3.560496155857303,78.179759191708,0.00643007558722418,-0.1521359477316559,0.9883386603466109,0.021130022064558815,-0.9881177476644695,-0.1522394131558815,0.0,6
21.805500000000002,20.84118418411669,46.91993583159643,-0.06967330142914518,-0.41803980857498,0.9057529185790999,-0.8556010208852664,0.4920880559459944,0.16061207381570652,2.0501892924372732e-21,6
21.908,23.11522512980666,50.05426039961914,-0.06967330142912448,-0.418039808574995,0.9057529185790946,-0.8219267896766196,0.5386151963804847,0.18528362755488673,1.0994823651339548e-20,6
22.010500000000004,-75.74030008315853,71.37810900503708,-0.91287092917528,0.3651483716701045,0.18257418583505225,0.4082482904638561,0.8164965809277289,0.40824829046386446,0.0,6
22.113000000000003,-79.56015151999165,71.37810900503708,-0.938040278297027,0.30994249310791366,0.15497124655395683,0.34652624185252745,0.8390087311619892,0.4195043655809946,0.0,6
22.2155,22.2155,90.0,0.0,0.0,0.0,0.0,0.0,1.0,0.0,6
22.318500000000004,22.318500000000004,90.0,0.0,0.0,0.0,0.0,0.0,1.0,0.0,6
22.421000000000003,22.421000000000003,90.0,0.0,0.0,0.0,0.0,0.0,1.0,0.0,6
22.523500000000002,21.674087031395462,40.75087625578894,-9.149408365822104e-15,-0.316227766016847,0.9486832980505108,0.6918108394089113,0.6844295597509544,0.23011723146138394,1.972424313758622e-21,6
22.6265,19.985979361484983,44.35853308502199,-1.7065631576307747e-14,0.31622776601681735,-0.9486832980505205,0.6288481091929743,0.7364808378056136,0.24929105701882462,1.01862383520394e-21,6
22.729,22.729,90.0,0.0,0.0,0.0,0.0,0.0,1.0,0.0,6
22.831500000000002,19.926605344843416,63.47757837800274,-0.759423205460152,-0.6172104628955709,-0.20573682096519028,0.6505969528122828,-0.72045211117203,-0.24015070372400998,0.0,6
22.934,22.934,90.0,0.0,0.0,0.0,0.0,0.0,1.0,0.0,6
23.0365,23.036499999999993,90.0,0.0,0.0,0.0,0.0,0.0,1.0,0.0,6
23.139499999999998,23.139499999999995,90.0,0.0,0.0,0.0,0.0,0.0,1.0,0.0,6
23.242,23.242,90.0,0.0,0.0,0.0,0.0,0.0,1.0,0.0,6
23.3445,23.344500000000007,90.0,0.0,0.0,0.0,0.0,0.0,1.0,0.0,6
23.4475,23.447500000000005,90.0,0.0,0.0,0.0,0.0,0.0,1.0,0.0,6
23.549999999999997,23.549999999999997,90.0,0.0,0.0,0.0,0.0,0.0,1.0,0.0,6
23.6525,23.6525,90.0,0.0,0.0,0.0,0.0,0.0,1.0,0.0,6
23.7555,23.755500000000005,90.0,0.0,0.0,0.0,0.0,0.0,1.0,0.0,6
23.858,23.858000000000004,90.0,0.0,0.0,0.0,0.0,0.0,1.0,0.0,6
23.9605,23.960500000000003,90.0,0.0,0.0,0.0,0.0,0.0,1.0,0.0,6
24.063,24.063000000000002,90.0,0.0,0.0,0.0,0.0,0.0,1.0,0.0,6
24.1655,24.1655,90.0,0.0,0.0,0.0,0.0,0.0,1.0,0.0,6
24.268500000000003,24.268500000000003,90.0,0.0,0.0,0.0,0.0,0.0,1.0,0.0,6
24.371000000000002,24.371000000000002,90.0,0.0,0.0,0.0,0.0,0.0,1.0,0.0,6
24.4735,-4.386011401376571,63.47757837800274,-0.9675682024507163,-0.23964681563847381,-0.07988227187949128,0.252609923808012,-0.9179157933897528,-0.3059719311299176,0.0,6
24.5765,-2.3241343586550514,26.73239364868751,0.43138898355170513,-0.1525928613960357,0.8891675677402978,-0.8502908055255528,-0.39816278137068084,0.34419753858775654,1.1227861869862484e-39,6
24.679000000000002,36.5193862657255,26.81560463756302,0.5524495591139601,-0.09149296809723051,0.8285098197508286,0.7776515065254407,0.41442040834853194,-0.4727725240990094,6.774643481369033e-38,6
24.7815,-1.2870125516613513,55.08546603703285,-0.7254762501100067,-0.6529286250990118,-0.21764287503301602,-0.678261855295375,0.7319333102964861,0.06507292009510106,-0.0,6
24.8845,24.8845,90.0,0.0,0.0,0.0,0.0,0.0,1.0,0.0,6
24.987,24.987000000000005,90.0,0.0,0.0,0.0,0.0,0.0,1.0,0.0,6
25.089499999999997,25.089499999999997,90.0,0.0,0.0,0.0,0.0,0.0,1.0,0.0,6
25.192,25.192000000000004,90.0,0.0,0.0,0.0,0.0,0.0,1.0,0.0,6
25.2945,83.02548840332075,89.35419081643973,-0.7841023452629545,0.43885277266592176,0.43885277266592176,0.6206315429891833,0.5544440854797107,0.5544440854797107,0.0,6
25.397500000000004,21.192843893134096,77.43089254225407,0.0,0.05353020884159376,-0.06162731650437717,1.2837459626423165e-17,-0.7074385721122893,0.7067748345036948,3.258231955174065e-56,6
25.5,-2.1256930600703186,77.43089254225409,0.0,-0.20486612798164783,0.1873994194921944,-1.4025942816775636e-17,-0.7044776233651155,0.7097261994444324,5.446862679455906e-42,6
25.6025,-71.36536131595953,64.94593356384179,-0.953462589245586,-0.2860387767736953,-0.09534625892457044,-0.30141197742860965,0.8961179369145915,0.3257659635420982,0.0,6
25.705500000000004,-60.345376106591694,63.477578378002725,-0.9699165208874632,-0.23094533608324563,-0.07698177869441523,0.24343775900537534,-0.9201436038691987,-0.3067145346230662,0.0,6
25.808000000000003,25.808000000000003,90.0,0.0,0.0,0.0,0.0,0.0,1.0,-0.0,6
25.910500000000003,25.91050000000001,90.0,0.0,0.0,0.0,0.0,0.0,1.0,-0.0,6
26.012999999999998,26.013,90.0,0.0,0.0,0.0,0.0,0.0,1.0,-0.0,6
26.115500000000004,26.115499999999997,90.0,0.0,0.0,0.0,0.0,0.0,1.0,-0.0,6
26.218500000000002,26.218499999999995,90.0,0.0,0.0,0.0,0.0,0.0,1.0,-0.0,6
26.321,26.321,90.0,0.0,0.0,0.0,0.0,0.0,1.0,-0.0,6
26.4235,26.423500000000008,90.0,0.0,0.0,0.0,0.0,0.0,1.0,-0.0,6
26.5265,26.526500000000006,90.0,0.0,0.0,0.0,0.0,0.0,1.0,-0.0,6
26.629,26.629,90.0,0.0,0.0,0.0,0.0,0.0,1.0,-0.0,6
26.7315,26.731499999999993,90.0,0.0,0.0,0.0,0.0,0.0,1.0,-0.0,6
26.834500000000002,26.83449999999999,90.0,0.0,0.0,0.0,0.0,0.0,1.0,-0.0,6
26.936999999999998,26.936999999999998,90.0,0.0,0.0,0.0,0.0,0.0,1.0,-0.0,6
27.0395,27.039500000000004,90.0,0.0,0.0,0.0,0.0,0.0,1.0,-0.0,6
27.142000000000003,27.142,90.0,0.0,0.0,0.0,0.0,0.0,1.0,-0.0,6
27.244500000000002,27.24449999999999,90.0,0.0,0.0,0.0,0.0,0.0,1.0,-0.0,6
27.3475,27.34749999999999,90.0,0.0,0.0,0.0,0.0,0.0,1.0,-0.0,6
27.45,27.449999999999996,90.0,0.0,0.0,0.0,0.0,0.0,1.0,-0.0,6
27.552500000000002,27.552500000000002,90.0,0.0,0.0,0.0,0.0,0.0,1.0,-0.0,6
27.655500000000004,27.655500000000004,90.0,0.0,0.0,0.0,0.0,0.0,1.0,-0.0,6
27.758000000000003,27.75800000000001,90.0,0.0,0.0,0.0,0.0,0.0,1.0,-0.0,6
27.860500000000002,27.860500000000002,90.0,0.0,0.0,0.0,0.0,0.0,1.0,-0.0,6
27.9635,27.9635,90.0,0.0,0.0,0.0,0.0,0.0,1.0,-0.0,6
28.066000000000003,28.066000000000006,90.0,0.0,0.0,0.0,0.0,0.0,1.0,-0.0,6
28.1685,28.1685,90.0,0.0,0.0,0.0,0.0,0.0,1.0,-0.0,6
28.271,28.270999999999994,90.0,0.0,0.0,0.0,0.0,0.0,1.0,-0.0,6
28.3735,28.37349999999999,90.0,0.0,0.0,0.0,0.0,0.0,1.0,-0.0,6
28.476499999999998,28.476499999999987,90.0,0.0,0.0,0.0,0.0,0.0,1.0,-0.0,6
28.579,28.578999999999994,90.0,0.0,0.0,0.0,0.0,0.0,1.0,-0.0,6
28.6815,28.6815,90.0,0.0,0.0,0.0,0.0,0.0,1.0,-0.0,6
28.784499999999998,28.784499999999998,90.0,0.0,0.0,0.0,0.0,0.0,1.0,-0.0,6
28.886999999999997,28.887000000000004,90.0,0.0,0.0,0.0,0.0,0.0,1.0,-0.0,6
28.9895,28.98950000000001,90.0,0.0,0.0,0.0,0.0,0.0,1.0,-0.0,6
29.092000000000006,29.092000000000006,90.0,0.0,0.0,0.0,0.0,0.0,1.0,-0.0,6
29.194499999999998,29.194499999999998,90.0,0.0,0.0,0.0,0.0,0.0,1.0,-0.0,6
29.297499999999996,29.297499999999996,90.0,0.0,0.0,0.0,0.0,0.0,1.0,-0.0,6
29.400000000000002,29.400000000000002,90.0,0.0,0.0,0.0,0.0,0.0,1.0,-0.0,6
29.502499999999998,29.502499999999998,90.0,0.0,0.0,0.0,0.0,0.0,1.0,-0.0,6
29.605499999999996,29.605499999999996,90.0,0.0,0.0,0.0,0.0,0.0,1.0,-0.0,6
29.708000000000002,29.708000000000002,90.0,0.0,0.0,0.0,0.0,0.0,1.0,-0.0,6
29.8105,29.810499999999994,90.0,0.0,0.0,0.0,0.0,0.0,1.0,-0.0,6
29.9135,29.913499999999996,90.0,0.0,0.0,0.0,0.0,0.0,1.0,-0.0,6
30.016000000000002,30.016000000000002,90.0,0.0,0.0,0.0,0.0,0.0,1.0,-0.0,6
30.1185,30.118500000000008,90.0,0.0,0.0,0.0,0.0,0.0,1.0,-0.0,6
30.221,30.221,90.0,0.0,0.0,0.0,0.0,0.0,1.0,-0.0,6
30.3235,30.323499999999996,90.0,0.0,0.0,0.0,0.0,0.0,1.0,-0.0,6
30.426500000000004,30.426500000000004,90.0,0.0,0.0,0.0,0.0,0.0,1.0,-0.0,6
30.529,30.52900000000001,90.0,0.0,0.0,0.0,0.0,0.0,1.0,-0.0,6
30.6315,30.631500000000006,90.0,0.0,0.0,0.0,0.0,0.0,1.0,-0.0,6
30.734500000000004,30.734500000000004,90.0,0.0,0.0,0.0,0.0,0.0,1.0,-0.0,6
30.837000000000003,30.836999999999996,90.0,0.0,0.0,0.0,0.0,0.0,1.0,-0.0,6
30.939500000000002,30.939499999999992,90.0,0.0,0.0,0.0,0.0,0.0,1.0,-0.0,6
31.042500000000004,31.04249999999999,90.0,0.0,0.0,0.0,0.0,0.0,1.0,-0.0,6
31.145000000000003,31.144999999999996,90.0,0.0,0.0,0.0,0.0,0.0,1.0,-0.0,6
31.247500000000002,31.247500000000002,90.0,0.0,0.0,0.0,0.0,0.0,1.0,-0.0,6
31.35,31.35000000000001,90.0,0.0,0.0,0.0,0.0,0.0,1.0,-0.0,6
31.452500000000004,31.452500000000015,90.0,0.0,0.0,0.0,0.0,0.0,1.0,-0.0,6
31.555500000000002,31.555500000000013,90.0,0.0,0.0,0.0,0.0,0.0,1.0,-0.0,6
31.658,31.65800000000001,90.0,0.0,0.0,0.0,0.0,0.0,1.0,-0.0,6
31.7605,31.7605,90.0,0.0,0.0,0.0,0.0,0.0,1.0,-0.0,6
31.8635,31.8635,90.0,0.0,0.0,0.0,0.0,0.0,1.0,-0.0,6
31.966,31.965999999999994,90.0,0.0,0.0,0.0,0.0,0.0,1.0,-0.0,6
32.0685,32.068499999999986,90.0,0.0,0.0,0.0,0.0,0.0,1.0,-0.0,6
32.171,32.17099999999999,90.0,0.0,0.0,0.0,0.0,0.0,1.0,-0.0,6
32.2735,32.2735,90.0,0.0,0.0,0.0,0.0,0.0,1.0,-0.0,6
32.3765,32.3765,90.0,0.0,0.0,0.0,0.0,0.0,1.0,-0.0,6
32.479,32.479000000000006,90.0,0.0,0.0,0.0,0.0,0.0,1.0,-0.0,6
32.5815,32.58150000000001,90.0,0.0,0.0,0.0,0.0,0.0,1.0,-0.0,6
32.6845,32.68450000000001,90.0,0.0,0.0,0.0,0.0,0.0,1.0,-0.0,6
32.787000000000006,32.787000000000006,90.0,0.0,0.0,0.0,0.0,0.0,1.0,-0.0,6
32.889500000000005,32.8895,90.0,0.0,0.0,0.0,0.0,0.0,1.0,-0.0,6
32.99249999999999,32.99249999999999,90.0,0.0,0.0,0.0,0.0,0.0,1.0,-0.0,6
33.095000000000006,33.095000000000006,90.0,0.0,0.0,0.0,0.0,0.0,1.0,-0.0,6
33.197500000000005,33.19750000000001,90.0,0.0,0.0,0.0,0.0,0.0,1.0,-0.0,6
33.300000000000004,33.300000000000004,90.0,0.0,0.0,0.0,0.0,0.0,1.0,-0.0,6
33.402499999999996,33.402499999999996,90.0,0.0,0.0,0.0,0.0,0.0,1.0,-0.0,6
33.5055,33.5055,90.0,0.0,0.0,0.0,0.0,0.0,1.0,-0.0,6
33.608000000000004,33.608000000000004,90.0,0.0,0.0,0.0,0.0,0.0,1.0,-0.0,6
33.7105,33.71050000000001,90.0,0.0,0.0,0.0,0.0,0.0,1.0,-0.0,6
33.813500000000005,33.813500000000005,90.0,0.0,0.0,0.0,0.0,0.0,1.0,-0.0,6
33.916,33.916,90.0,0.0,0.0,0.0,0.0,0.0,1.0,-0.0,6
34.0185,34.018499999999996,90.0,0.0,0.0,0.0,0.0,0.0,1.0,-0.0,6
34.121,34.121,90.0,0.0,0.0,0.0,0.0,0.0,1.0,-0.0,6
34.2235,34.22350000000001,90.0,0.0,0.0,0.0,0.0,0.0,1.0,-0.0,6
34.326499999999996,34.3265,90.0,0.0,0.0,0.0,0.0,0.0,1.0,-0.0,6
34.428999999999995,34.428999999999995,90.0,0.0,0.0,0.0,0.0,0.0,1.0,-0.0,6
34.5315,34.531499999999994,90.0,0.0,0.0,0.0,0.0,0.0,1.0,-0.0,6
34.6345,34.63449999999999,90.0,0.0,0.0,0.0,0.0,0.0,1.0,-0.0,6
34.736999999999995,34.736999999999995,90.0,0.0,0.0,0.0,0.0,0.0,1.0,-0.0,6
34.839499999999994,34.8395,90.0,0.0,0.0,0.0,0.0,0.0,1.0,-0.0,6
34.9425,34.9425,90.0,0.0,0.0,0.0,0.0,0.0,1.0,-0.0,6
35.044999999999995,35.044999999999995,90.0,0.0,0.0,0.0,0.0,0.0,1.0,-0.0,6
35.1475,35.1475,90.0,0.0,0.0,0.0,0.0,0.0,1.0,-0.0,6
35.25,35.25000000000001,90.0,0.0,0.0,0.0,0.0,0.0,1.0,-0.0,6
35.3525,35.3525,90.0,0.0,0.0,0.0,0.0,0.0,1.0,-0.0,6
35.4555,35.4555,90.0,0.0,0.0,0.0,0.0,0.0,1.0,-0.0,6
35.558,35.55799999999999,90.0,0.0,0.0,0.0,0.0,0.0,1.0,-0.0,6
35.6605,35.6605,90.0,0.0,0.0,0.0,0.0,0.0,1.0,-0.0,6
35.7635,35.7635,90.0,0.0,0.0,0.0,0.0,0.0,1.0,-0.0,6
35.866,35.86599999999999,90.0,0.0,0.0,0.0,0.0,0.0,1.0,-0.0,6
35.9685,35.9685,90.0,0.0,0.0,0.0,0.0,0.0,1.0,-0.0,6
36.0715,36.0715,90.0,0.0,0.0,0.0,0.0,0.0,1.0,-0.0,6
36.17400000000001,36.17400000000001,90.0,0.0,0.0,0.0,0.0,0.0,1.0,-0.0,6
36.276500000000006,36.27650000000001,90.0,0.0,0.0,0.0,0.0,0.0,1.0,-0.0,6
36.379000000000005,36.379000000000005,90.0,0.0,0.0,0.0,0.0,0.0,1.0,-0.0,6
36.4815,36.4815,90.0,0.0,0.0,0.0,0.0,0.0,1.0,-0.0,6
36.584500000000006,36.5845,90.0,0.0,0.0,0.0,0.0,0.0,1.0,-0.0,6
36.687000000000005,36.68699999999999,90.0,0.0,0.0,0.0,0.0,0.0,1.0,-0.0,6
36.7895,36.7895,90.0,0.0,0.0,0.0,0.0,0.0,1.0,-0.0,6
36.8925,36.892500000000005,90.0,0.0,0.0,0.0,0.0,0.0,1.0,-0.0,6
36.995000000000005,36.995000000000005,90.0,0.0,0.0,0.0,0.0,0.0,1.0,-0.0,6
37.097500000000004,37.0975,90.0,0.0,0.0,0.0,0.0,0.0,1.0,-0.0,6
37.2,37.2,90.0,0.0,0.0,0.0,0.0,0.0,1.0,-0.0,6
37.302499999999995,37.30250000000001,90.0,0.0,0.0,0.0,0.0,0.0,1.0,-0.0,6
37.4055,37.4055,90.0,0.0,0.0,0.0,0.0,0.0,1.0,-0.0,6
37.508,37.508,90.0,0.0,0.0,0.0,0.0,0.0,1.0,-0.0,6
37.6105,37.610499999999995,90.0,0.0,0.0,0.0,0.0,0.0,1.0,-0.0,6
37.713499999999996,37.71349999999999,90.0,0.0,0.0,0.0,0.0,0.0,1.0,-0.0,6
37.815999999999995,52.956641379480594,45.72648425395904,-0.12382730241007721,-0.9923037837163794,-0.0,-0.9923037837163794,0.12382730241007753,-0.0,0.0,6
37.9185,37.9185,90.0,0.0,0.0,0.0,0.0,0.0,1.0,0.0,6
38.0215,37.142530940870586,39.41057818097733,-0.12309149097932931,-0.12309149097933307,0.9847319278346622,-0.9892821981091269,-0.06850426626417579,-0.12894920708550736,4.716508675192278e-22,6
38.123999999999995,-8.357143341717105,89.35419081643973,-0.1980295085953378,0.6931032800836716,0.6931032800836717,0.9801960588196064,0.14002800840280288,0.14002800840280277,0.0,6
38.226499999999994,-72.30817126430651,89.35419081643973,-0.9675893154878149,0.178564997345255,0.17856499734525497,0.252529041010775,0.6841889663850836,0.6841889663850836,0.0,6
38.329,38.329,90.0,0.0,0.0,0.0,0.0,0.0,1.0,0.0,6
38.43150000000001,38.43150000000001,90.0,0.0,0.0,0.0,0.0,0.0,1.0,0.0,6
38.5345,38.5345,90.0,0.0,0.0,0.0,0.0,0.0,1.0,0.0,6
38.637,38.63700000000001,90.0,0.0,0.0,0.0,0.0,0.0,1.0,0.0,6
38.7395,38.7395,90.0,0.0,0.0,0.0,0.0,0.0,1.0,0.0,6
38.8425,38.8425,90.0,0.0,0.0,0.0,0.0,0.0,1.0,0.0,6
38.945,38.94500000000001,90.0,0.0,0.0,0.0,0.0,0.0,1.0,0.0,6
39.0475,39.0475,90.0,0.0,0.0,0.0,0.0,0.0,1.0,0.0,6
39.1505,39.1505,90.0,0.0,0.0,0.0,0.0,0.0,1.0,0.0,6
39.253,39.25299999999999,90.0,0.0,0.0,0.0,0.0,0.0,1.0,0.0,6
39.3555,39.355499999999985,90.0,0.0,0.0,0.0,0.0,0.0,1.0,0.0,6
39.458,39.45799999999999,90.0,0.0,0.0,0.0,0.0,0.0,1.0,0.0,6
39.5605,39.5605,90.0,0.0,0.0,0.0,0.0,0.0,1.0,0.0,6
39.663500000000006,39.6635,90.0,0.0,0.0,0.0,0.0,0.0,1.0,0.0,6
39.766000000000005,39.766000000000005,90.0,0.0,0.0,0.0,0.0,0.0,1.0,0.0,6
39.8685,39.86850000000001,90.0,0.0,0.0,0.0,0.0,0.0,1.0,0.0,6
39.971500000000006,39.97150000000001,90.0,0.0,0.0,0.0,0.0,0.0,1.0,0.0,6
40.074000000000005,40.074000000000005,90.0,0.0,0.0,0.0,0.0,0.0,1.0,0.0,6
40.1765,40.1765,90.0,0.0,0.0,0.0,0.0,0.0,1.0,0.0,6
40.279,40.27899999999999,90.0,0.0,0.0,0.0,0.0,0.0,1.0,0.0,6
40.381499999999996,40.381499999999996,90.0,0.0,0.0,0.0,0.0,0.0,1.0,0.0,6
40.484500000000004,40.48450000000001,90.0,0.0,0.0,0.0,0.0,0.0,1.0,0.0,6
40.587,40.587,90.0,0.0,0.0,0.0,0.0,0.0,1.0,0.0,6
40.689499999999995,40.689499999999995,90.0,0.0,0.0,0.0,0.0,0.0,1.0,0.0,6
40.792500000000004,40.7925,90.0,0.0,0.0,0.0,0.0,0.0,1.0,0.0,6
40.895,40.895,90.0,0.0,0.0,0.0,0.0,0.0,1.0,0.0,6
40.9975,40.99750000000001,90.0,0.0,0.0,0.0,0.0,0.0,1.0,0.0,6
41.1005,41.100500000000004,90.0,0.0,0.0,0.0,0.0,0.0,1.0,0.0,6
41.202999999999996,41.202999999999996,90.0,0.0,0.0,0.0,0.0,0.0,1.0,0.0,6
41.3055,41.305499999999995,90.0,0.0,0.0,0.0,0.0,0.0,1.0,0.0,6
41.408,-72.19176225986672,89.35419081643973,-0.979347818375661,0.14296476951129142,0.14296476951129142,0.20218271598441145,0.6925034835136813,0.6925034835136813,0.0,6
41.51050000000001,44.57702758046003,77.43089254225406,0.0,-0.04042649893562571,0.04478067478083454,-7.471623244813285e-18,-0.7072384176201743,0.7069751202426519,7.693710191313891e-53,6
41.613499999999995,-24.474186440159116,50.48892067283096,0.0,0.0,-1.0,-0.11102230246251564,-0.11102230246251564,0.0,-0.0,6
41.716,-84.94839764584486,45.72648425395904,-0.7071067811865371,-0.7071067811865579,-0.0,-0.7071067811865578,0.7071067811865371,-0.0,0.0,6
41.81850000000001,-34.519183699470275,45.72648425395904,-0.9292008402668276,-0.3695751594025519,0.0,0.36957515940255187,-0.9292008402668276,0.0,0.0,6
41.9215,41.92149999999999,90.0,0.0,0.0,0.0,0.0,0.0,1.0,-0.0,6
42.024,42.023999999999994,90.0,0.0,0.0,0.0,0.0,0.0,1.0,-0.0,6
42.1265,42.1265,90.0,0.0,0.0,0.0,0.0,0.0,1.0,-0.0,6
42.2295,42.2295,90.0,0.0,0.0,0.0,0.0,0.0,1.0,-0.0,6
42.332,42.33200000000001,90.0,0.0,0.0,0.0,0.0,0.0,1.0,-0.0,6
42.4345,42.434500000000014,90.0,0.0,0.0,0.0,0.0,0.0,1.0,-0.0,6
42.537,42.537000000000006,90.0,0.0,0.0,0.0,0.0,0.0,1.0,-0.0,6
42.6395,42.6395,90.0,0.0,0.0,0.0,0.0,0.0,1.0,-0.0,6
42.7425,42.7425,90.0,0.0,0.0,0.0,0.0,0.0,1.0,-0.0,6
42.845,42.84499999999999,90.0,0.0,0.0,0.0,0.0,0.0,1.0,-0.0,6
42.9475,42.9475,90.0,0.0,0.0,0.0,0.0,0.0,1.0,-0.0,6
43.0505,43.0505,90.0,0.0,0.0,0.0,0.0,0.0,1.0,-0.0,6
43.153,43.15299999999999,90.0,0.0,0.0,0.0,0.0,0.0,1.0,-0.0,6
43.2555,43.2555,90.0,0.0,0.0,0.0,0.0,0.0,1.0,-0.0,6
43.358000000000004,43.358000000000004,90.0,0.0,0.0,0.0,0.0,0.0,1.0,-0.0,6
43.460499999999996,43.46050000000001,90.0,0.0,0.0,0.0,0.0,0.0,1.0,-0.0,6
43.5635,43.56350000000001,90.0,0.0,0.0,0.0,0.0,0.0,1.0,-0.0,6
43.666000000000004,43.666000000000004,90.0,0.0,0.0,0.0,0.0,0.0,1.0,-0.0,6
43.768499999999996,43.768499999999996,90.0,0.0,0.0,0.0,0.0,0.0,1.0,-0.0,6
43.871500000000005,43.8715,90.0,0.0,0.0,0.0,0.0,0.0,1.0,-0.0,6
43.974000000000004,43.97399999999999,90.0,0.0,0.0,0.0,0.0,0.0,1.0,-0.0,6
44.076499999999996,44.076499999999996,90.0,0.0,0.0,0.0,0.0,0.0,1.0,-0.0,6
44.179500000000004,44.179500000000004,90.0,0.0,0.0,0.0,0.0,0.0,1.0,-0.0,6
44.282000000000004,44.282000000000004,90.0,0.0,0.0,0.0,0.0,0.0,1.0,-0.0,6
44.3845,44.384499999999996,90.0,0.0,0.0,0.0,0.0,0.0,1.0,-0.0,6
44.487,44.487,90.0,0.0,0.0,0.0,0.0,0.0,1.0,-0.0,6
44.589499999999994,44.58950000000001,90.0,0.0,0.0,0.0,0.0,0.0,1.0,-0.0,6
44.6925,44.69250000000001,90.0,0.0,0.0,0.0,0.0,0.0,1.0,-0.0,6
44.795,44.795,90.0,0.0,0.0,0.0,0.0,0.0,1.0,-0.0,6
44.8975,44.897499999999994,90.0,0.0,0.0,0.0,0.0,0.0,1.0,-0.0,6
45.000499999999995,45.000499999999995,90.0,0.0,0.0,0.0,0.0,0.0,1.0,-0.0,6
45.103,45.103,90.0,0.0,0.0,0.0,0.0,0.0,1.0,-0.0,6
45.20550000000001,45.20550000000001,90.0,0.0,0.0,0.0,0.0,0.0,1.0,-0.0,6
45.308,45.308,90.0,0.0,0.0,0.0,0.0,0.0,1.0,-0.0,6
45.410500000000006,45.41049999999999,90.0,0.0,0.0,0.0,0.0,0.0,1.0,-0.0,6
45.5135,45.51349999999999,90.0,0.0,0.0,0.0,0.0,0.0,1.0,-0.0,6
45.616,45.616,90.0,0.0,0.0,0.0,0.0,0.0,1.0,-0.0,6
45.718500000000006,45.718500000000006,90.0,0.0,0.0,0.0,0.0,0.0,1.0,-0.0,6
45.8215,45.8215,90.0,0.0,0.0,0.0,0.0,0.0,1.0,-0.0,6
45.924,45.92400000000001,90.0,0.0,0.0,0.0,0.0,0.0,1.0,-0.0,6
46.0265,46.02650000000001,90.0,0.0,0.0,0.0,0.0,0.0,1.0,-0.0,6
46.1295,46.129500000000014,90.0,0.0,0.0,0.0,0.0,0.0,1.0,-0.0,6
46.232,46.232000000000006,90.0,0.0,0.0,0.0,0.0,0.0,1.0,-0.0,6
46.3345,46.3345,90.0,0.0,0.0,0.0,0.0,0.0,1.0,-0.0,6
46.437000000000005,46.437,90.0,0.0,0.0,0.0,0.0,0.0,1.0,-0.0,6
46.539500000000004,46.53949999999999,90.0,0.0,0.0,0.0,0.0,0.0,1.0,-0.0,6
46.6425,46.6425,90.0,0.0,0.0,0.0,0.0,0.0,1.0,-0.0,6
46.745000000000005,46.745000000000005,90.0,0.0,0.0,0.0,0.0,0.0,1.0,-0.0,6
46.8475,46.8475,90.0,0.0,0.0,0.0,0.0,0.0,1.0,-0.0,6
46.9505,46.9505,90.0,0.0,0.0,0.0,0.0,0.0,1.0,-0.0,6
47.053000000000004,47.053000000000004,90.0,0.0,0.0,0.0,0.0,0.0,1.0,-0.0,6
47.155499999999996,47.15550000000001,90.0,0.0,0.0,0.0,0.0,0.0,1.0,-0.0,6
47.258500000000005,47.25850000000001,90.0,0.0,0.0,0.0,0.0,0.0,1.0,-0.0,6
47.361000000000004,47.361000000000004,90.0,0.0,0.0,0.0,0.0,0.0,1.0,-0.0,6
47.463499999999996,47.463499999999996,90.0,0.0,0.0,0.0,0.0,0.0,1.0,-0.0,6
47.566,47.56599999999999,90.0,0.0,0.0,0.0,0.0,0.0,1.0,-0.0,6
47.668499999999995,47.668499999999995,90.0,0.0,0.0,0.0,0.0,0.0,1.0,-0.0,6
47.7715,47.77150000000001,90.0,0.0,0.0,0.0,0.0,0.0,1.0,-0.0,6
47.874,47.874,90.0,0.0,0.0,0.0,0.0,0.0,1.0,-0.0,6
47.976499999999994,47.976499999999994,90.0,0.0,0.0,0.0,0.0,0.0,1.0,-0.0,6
48.0795,48.079499999999996,90.0,0.0,0.0,0.0,0.0,0.0,1.0,-0.0,6
48.182,48.182,90.0,0.0,0.0,0.0,0.0,0.0,1.0,-0.0,6
48.2845,48.28450000000001,90.0,0.0,0.0,0.0,0.0,0.0,1.0,-0.0,6
48.387,48.387,90.0,0.0,0.0,0.0,0.0,0.0,1.0,-0.0,6
48.4895,48.48949999999999,90.0,0.0,0.0,0.0,0.0,0.0,1.0,-0.0,6
48.5925,48.592499999999994,90.0,0.0,0.0,0.0,0.0,0.0,1.0,-0.0,6
48.695,48.695,90.0,0.0,0.0,0.0,0.0,0.0,1.0,-0.0,6
48.79750000000001,48.79750000000001,90.0,0.0,0.0,0.0,0.0,0.0,1.0,-0.0,6
48.9005,48.9005,90.0,0.0,0.0,0.0,0.0,0.0,1.0,-0.0,6
49.003,49.003,90.0,0.0,0.0,0.0,0.0,0.0,1.0,-0.0,6
49.105500000000006,49.10549999999999,90.0,0.0,0.0,0.0,0.0,0.0,1.0,-0.0,6
49.2085,49.20849999999999,90.0,0.0,0.0,0.0,0.0,0.0,1.0,-0.0,6
49.311,49.31099999999999,90.0,0.0,0.0,0.0,0.0,0.0,1.0,-0.0,6
49.4135,49.4135,90.0,0.0,0.0,0.0,0.0,0.0,1.0,-0.0,6
49.516000000000005,49.51600000000001,90.0,0.0,0.0,0.0,0.0,0.0,1.0,-0.0,6
49.618500000000004,49.61850000000002,90.0,0.0,0.0,0.0,0.0,0.0,1.0,-0.0,6
49.7215,49.72150000000001,90.0,0.0,0.0,0.0,0.0,0.0,1.0,-0.0,6
49.824000000000005,49.824000000000005,90.0,0.0,0.0,0.0,0.0,0.0,1.0,-0.0,6
49.926500000000004,49.926500000000004,90.0,0.0,0.0,0.0,0.0,0.0,1.0,-0.0,6
50.0295,50.0295,90.0,0.0,0.0,0.0,0.0,0.0,1.0,-0.0,6
50.132000000000005,50.13199999999999,90.0,0.0,0.0,0.0,0.0,0.0,1.0,-0.0,6
50.2345,50.23449999999999,90.0,0.0,0.0,0.0,0.0,0.0,1.0,-0.0,6
50.3375,50.3375,90.0,0.0,0.0,0.0,0.0,0.0,1.0,-0.0,6
50.440000000000005,50.440000000000005,90.0,0.0,0.0,0.0,0.0,0.0,1.0,-0.0,6
50.5425,50.5425,90.0,0.0,0.0,0.0,0.0,0.0,1.0,-0.0,6
50.645,50.645,90.0,0.0,0.0,0.0,0.0,0.0,1.0,-0.0,6
50.747499999999995,50.74750000000001,90.0,0.0,0.0,0.0,0.0,0.0,1.0,-0.0,6
50.8505,50.85050000000001,90.0,0.0,0.0,0.0,0.0,0.0,1.0,-0.0,6
50.953,50.953,90.0,0.0,0.0,0.0,0.0,0.0,1.0,-0.0,6
51.055499999999995,51.055499999999995,90.0,0.0,0.0,0.0,0.0,0.0,1.0,-0.0,6
51.158500000000004,51.1585,90.0,0.0,0.0,0.0,0.0,0.0,1.0,-0.0,6
51.261,51.26099999999999,90.0,0.0,0.0,0.0,0.0,0.0,1.0,-0.0,6
51.363499999999995,51.363499999999995,90.0,0.0,0.0,0.0,0.0,0.0,1.0,-0.0,6
51.466,51.466,90.0,0.0,0.0,0.0,0.0,0.0,1.0,-0.0,6
51.5685,51.56849999999999,90.0,0.0,0.0,0.0,0.0,0.0,1.0,-0.0,6
51.6715,51.671499999999995,90.0,0.0,0.0,0.0,0.0,0.0,1.0,-0.0,6
51.774,51.774,90.0,0.0,0.0,0.0,0.0,0.0,1.0,-0.0,6
51.8765,51.87650000000001,90.0,0.0,0.0,0.0,0.0,0.0,1.0,-0.0,6
51.9795,51.97950000000001,90.0,0.0,0.0,0.0,0.0,0.0,1.0,-0.0,6
52.082,52.082000000000015,90.0,0.0,0.0,0.0,0.0,0.0,1.0,-0.0,6
52.18450000000001,52.18450000000001,90.0,0.0,0.0,0.0,0.0,0.0,1.0,-0.0,6
52.2875,52.287499999999994,90.0,0.0,0.0,0.0,0.0,0.0,1.0,-0.0,6
52.39,-17.203917039806267,45.72648425395904,-0.9771347946459028,0.21262077295577075,-0.0,0.21262077295577064,0.9771347946459029,-0.0,0.0,6
52.49250000000001,52.49250000000001,90.0,0.0,0.0,0.0,0.0,0.0,1.0,0.0,6
52.595,35.93319943506126,88.85190761042426,0.19802596194719221,-0.6973228326511219,-0.6888589009792242,0.0011851874953370202,0.7029459608861894,-0.7112422733530345,0.0,6
52.697500000000005,76.54013602379163,89.35419081643984,-0.19802950859534538,0.6931032800836692,0.693103280083672,0.9801960588196048,0.14002800840281165,0.14002800840280458,0.0,6
52.80050000000001,3.5926368332664946,89.35419081643973,-0.9953496655476376,0.06811403414203947,0.06811403414203945,0.09632779087161597,0.7038184981604967,0.7038184981604967,0.0,6
52.903,52.903,90.0,0.0,0.0,0.0,0.0,0.0,1.0,0.0,6
53.005500000000005,53.005500000000005,90.0,0.0,0.0,0.0,0.0,0.0,1.0,0.0,6
53.1085,53.1085,90.0,0.0,0.0,0.0,0.0,0.0,1.0,0.0,6
53.211,53.211000000000006,90.0,0.0,0.0,0.0,0.0,0.0,1.0,0.0,6
53.313500000000005,53.31350000000001,90.0,0.0,0.0,0.0,0.0,0.0,1.0,0.0,6
53.416000000000004,53.41600000000001,90.0,0.0,0.0,0.0,0.0,0.0,1.0,0.0,6
53.5185,53.5185,90.0,0.0,0.0,0.0,0.0,0.0,1.0,0.0,6
53.6215,53.6215,90.0,0.0,0.0,0.0,0.0,0.0,1.0,0.0,6
53.724000000000004,53.724,90.0,0.0,0.0,0.0,0.0,0.0,1.0,0.0,6
53.8265,53.82649999999999,90.0,0.0,0.0,0.0,0.0,0.0,1.0,0.0,6
53.9295,53.9295,90.0,0.0,0.0,0.0,0.0,0.0,1.0,0.0,6
54.032000000000004,54.032000000000004,90.0,0.0,0.0,0.0,0.0,0.0,1.0,0.0,6
54.134499999999996,54.134499999999996,90.0,0.0,0.0,0.0,0.0,0.0,1.0,0.0,6
54.2375,54.2375,90.0,0.0,0.0,0.0,0.0,0.0,1.0,0.0,6
54.34,54.34,90.0,0.0,0.0,0.0,0.0,0.0,1.0,0.0,6
54.442499999999995,54.44250000000001,90.0,0.0,0.0,0.0,0.0,0.0,1.0,0.0,6
54.545,54.545,90.0,0.0,0.0,0.0,0.0,0.0,1.0,0.0,6
54.6475,54.6475,90.0,0.0,0.0,0.0,0.0,0.0,1.0,0.0,6
54.750499999999995,54.750499999999995,90.0,0.0,0.0,0.0,0.0,0.0,1.0,0.0,6
54.853,54.853,90.0,0.0,0.0,0.0,0.0,0.0,1.0,0.0,6
54.9555,54.95550000000001,90.0,0.0,0.0,0.0,0.0,0.0,1.0,0.0,6
55.0585,55.05850000000001,90.0,0.0,0.0,0.0,0.0,0.0,1.0,0.0,6
55.161,55.161,90.0,0.0,0.0,0.0,0.0,0.0,1.0,0.0,6
55.2635,55.26349999999999,90.0,0.0,0.0,0.0,0.0,0.0,1.0,0.0,6
55.3665,55.366499999999995,90.0,0.0,0.0,0.0,0.0,0.0,1.0,0.0,6
55.469,55.469,90.0,0.0,0.0,0.0,0.0,0.0,1.0,0.0,6
55.57150000000001,55.57150000000001,90.0,0.0,0.0,0.0,0.0,0.0,1.0,0.0,6
55.674,55.674,90.0,0.0,0.0,0.0,0.0,0.0,1.0,0.0,6
55.776500000000006,55.776500000000006,90.0,0.0,0.0,0.0,0.0,0.0,1.0,0.0,6
55.87950000000001,55.87950000000001,90.0,0.0,0.0,0.0,0.0,0.0,1.0,0.0,6
55.982,55.982,90.0,0.0,0.0,0.0,0.0,0.0,1.0,0.0,6
56.084500000000006,56.084500000000006,90.0,0.0,0.0,0.0,0.0,0.0,1.0,0.0,6
56.18750000000001,56.18750000000001,90.0,0.0,0.0,0.0,0.0,0.0,1.0,0.0,6
56.29,56.29,90.0,0.0,0.0,0.0,0.0,0.0,1.0,0.0,6
56.392500000000005,56.39249999999999,90.0,0.0,0.0,0.0,0.0,0.0,1.0,0.0,6
56.495,56.495,90.0,0.0,0.0,0.0,0.0,0.0,1.0,0.0,6
56.597500000000004,56.597500000000004,90.0,0.0,0.0,0.0,0.0,0.0,1.0,0.0,6
56.700500000000005,56.700500000000005,90.0,0.0,0.0,0.0,0.0,0.0,1.0,0.0,6
56.803000000000004,56.80300000000001,90.0,0.0,0.0,0.0,0.0,0.0,1.0,0.0,6
56.9055,56.90550000000002,90.0,0.0,0.0,0.0,0.0,0.0,1.0,0.0,6
57.0085,57.00850000000001,90.0,0.0,0.0,0.0,0.0,0.0,1.0,0.0,6
57.111000000000004,57.111000000000004,90.0,0.0,0.0,0.0,0.0,0.0,1.0,0.0,6
57.2135,57.2135,90.0,0.0,0.0,0.0,0.0,0.0,1.0,0.0,6
57.3165,57.3165,90.0,0.0,0.0,0.0,0.0,0.0,1.0,0.0,6
57.419000000000004,57.41899999999999,90.0,0.0,0.0,0.0,0.0,0.0,1.0,-0.0,6
57.521499999999996,72.07368359538259,77.4308925422541,-0.0,0.18620525699756774,-0.18471675025632628,2.022845838136575e-18,0.7068971258777369,-0.7073163743515308,1.1859768965688358e-55,6
57.623999999999995,17.962691814809187,77.43089254225409,-0.0,0.04612799781618301,-0.0419211543953255,1.877473840951322e-17,0.7069752999937562,-0.7072382379359436,7.084891751335862e-41,6
57.7265,-30.05376259272472,45.72648425395904,-0.7071067811865474,0.7071067811865477,-0.0,0.01865147806275944,0.018651478062759436,-0.0,-0.0,6
57.829499999999996,57.829499999999996,90.0,0.0,0.0,0.0,0.0,0.0,1.0,-0.0,6
57.932,57.932,90.0,0.0,0.0,0.0,0.0,0.0,1.0,-0.0,6
58.0345,58.03450000000001,90.0,0.0,0.0,0.0,0.0,0.0,1.0,0.0,6
58.137499999999996,55.97658748520208,87.39162359847535,0.16222142113075655,-0.16222142113073537,-0.9733285267845808,0.22632223062283569,-0.9538072954233242,0.1975598418787269,7.110283148888416e-22,6
58.23999999999999,58.24,90.0,0.0,0.0,0.0,0.0,0.0,1.0,0.0,6
58.342499999999994,58.342499999999994,90.0,0.0,0.0,0.0,0.0,0.0,1.0,0.0,6
58.445499999999996,-26.000000062597035,89.35419081643973,-0.9954761447077701,0.06718349990047703,0.06718349990047702,0.09501181672694642,0.7039079324323051,0.703907932432305,0.0,6
58.548,58.54799999999999,90.0,0.0,0.0,0.0,0.0,0.0,1.0,0.0,6
58.650499999999994,58.65049999999998,90.0,0.0,0.0,0.0,0.0,0.0,1.0,0.0,6
58.753,58.752999999999986,90.0,0.0,0.0,0.0,0.0,0.0,1.0,0.0,6
58.85549999999999,58.85549999999999,90.0,0.0,0.0,0.0,0.0,0.0,1.0,0.0,6
58.958499999999994,58.958499999999994,90.0,0.0,0.0,0.0,0.0,0.0,1.0,0.0,6
59.061,59.061,90.0,0.0,0.0,0.0,0.0,0.0,1.0,0.0,6
59.163500000000006,59.163500000000006,90.0,0.0,0.0,0.0,0.0,0.0,1.0,0.0,6
59.26650000000001,59.26650000000001,90.0,0.0,0.0,0.0,0.0,0.0,1.0,0.0,6
59.369000000000014,59.369000000000014,90.0,0.0,0.0,0.0,0.0,0.0,1.0,0.0,6
59.471500000000006,59.47150000000002,90.0,0.0,0.0,0.0,0.0,0.0,1.0,0.0,6
59.574,59.57400000000001,90.0,0.0,0.0,0.0,0.0,0.0,1.0,0.0,6
59.676500000000004,59.676500000000004,90.0,0.0,0.0,0.0,0.0,0.0,1.0,0.0,6
59.779500000000006,59.779500000000006,90.0,0.0,0.0,0.0,0.0,0.0,1.0,0.0,6
59.88200000000001,59.882,90.0,0.0,0.0,0.0,0.0,0.0,1.0,0.0,6
59.984500000000004,59.98449999999999,90.0,0.0,0.0,0.0,0.0,0.0,1.0,0.0,6
60.087500000000006,60.08749999999999,90.0,0.0,0.0,0.0,0.0,0.0,1.0,0.0,6
60.19,60.19,90.0,0.0,0.0,0.0,0.0,0.0,1.0,0.0,6
60.292500000000004,60.292500000000004,90.0,0.0,0.0,0.0,0.0,0.0,1.0,0.0,6
60.3955,60.3955,90.0,0.0,0.0,0.0,0.0,0.0,1.0,-0.0,6
60.498000000000005,61.83947881306085,78.09237378649529,-0.0010666659678874922,0.7044346856730116,0.7097680155124478,0.2721634367394482,0.6831798713250472,-0.677637312371791,0.0,6
60.600500000000004,31.623770726448434,78.09237378707232,0.2721653726181005,0.6811665229288606,-0.6796603401616549,0.00028986501845092557,-0.7063817176333229,-0.7078310426730855,0.0,6
60.702999999999996,6.172889682754378,12.586231370742828,-0.2721655269759028,-0.6804138174397728,0.6804138174397731,-0.9622504486493767,0.19245008972987138,-0.1924500897298768,-0.0,6
60.8055,46.30394663027022,12.586231370743032,-0.9962406992693938,-0.06125548595525548,0.061255485955255456,0.08662833900767675,-0.7044485541474165,0.7044485541474164,0.0,6
60.9085,60.9085,90.0,0.0,0.0,0.0,0.0,0.0,1.0,0.0,6
61.01100000000001,61.010999999999996,90.0,0.0,0.0,0.0,0.0,0.0,1.0,0.0,6
61.1135,61.11349999999999,90.0,0.0,0.0,0.0,0.0,0.0,1.0,0.0,6
61.216499999999996,61.21649999999999,90.0,0.0,0.0,0.0,0.0,0.0,1.0,0.0,6
61.318999999999996,61.318999999999996,90.0,0.0,0.0,0.0,0.0,0.0,1.0,0.0,6
61.4215,61.4215,90.0,0.0,0.0,0.0,0.0,0.0,1.0,0.0,6
61.524499999999996,61.524499999999996,90.0,0.0,0.0,0.0,0.0,0.0,1.0,0.0,6
61.627,61.627,90.0,0.0,0.0,0.0,0.0,0.0,1.0,0.0,6
61.729499999999994,61.72950000000001,90.0,0.0,0.0,0.0,0.0,0.0,1.0,0.0,6
61.831999999999994,61.832,90.0,0.0,0.0,0.0,0.0,0.0,1.0,0.0,6
61.9345,61.9345,90.0,0.0,0.0,0.0,0.0,0.0,1.0,0.0,6
62.037499999999994,62.037499999999994,90.0,0.0,0.0,0.0,0.0,0.0,1.0,0.0,6
62.14,62.14,90.0,0.0,0.0,0.0,0.0,0.0,1.0,0.0,6
62.24250000000001,62.24249999999999,90.0,0.0,0.0,0.0,0.0,0.0,1.0,0.0,6
62.345499999999994,62.34549999999998,90.0,0.0,0.0,0.0,0.0,0.0,1.0,0.0,6
62.448,62.447999999999986,90.0,0.0,0.0,0.0,0.0,0.0,1.0,0.0,6
62.55049999999999,62.55049999999999,90.0,0.0,0.0,0.0,0.0,0.0,1.0,0.0,6
62.653,62.653,90.0,0.0,0.0,0.0,0.0,0.0,1.0,0.0,6
62.755500000000005,-78.19515133321642,89.35419081643973,-0.9978188318201109,0.046677504566703595,0.04667750456670359,0.06601196001596474,0.7055644623756396,0.7055644623756396,0.0,6
62.85850000000001,67.08434089357955,77.430892542254,-0.0,0.05448572365079866,-0.05574245262278712,1.5431233498573373e-17,0.7071560554977985,-0.7070575034414066,1.0070140397847776e-55,6
62.961,33.70399329684631,77.43089254225406,0.0,-0.1658292234436299,0.1716466762929096,-3.5583086228081234e-18,-0.7078424245036822,0.7063703717404554,1.3462503811444224e-40,6
63.063500000000005,-36.653845971198905,71.87455947356352,0.9534625892455939,0.2860387767736736,-0.09534625892455646,-0.052804126926759155,0.46975286417017,0.8812173232429242,0.0,6
63.166500000000006,63.16650000000002,90.0,0.0,0.0,0.0,0.0,0.0,1.0,-0.0,6
63.269,63.26900000000001,90.0,0.0,0.0,0.0,0.0,0.0,1.0,-0.0,6
63.371500000000005,63.371500000000005,90.0,0.0,0.0,0.0,0.0,0.0,1.0,-0.0,6
63.474500000000006,63.474500000000006,90.0,0.0,0.0,0.0,0.0,0.0,1.0,-0.0,6
63.57700000000001,63.577,90.0,0.0,0.0,0.0,0.0,0.0,1.0,-0.0,6
63.679500000000004,63.67949999999999,90.0,0.0,0.0,0.0,0.0,0.0,1.0,-0.0,6
63.782,63.782,90.0,0.0,0.0,0.0,0.0,0.0,1.0,-0.0,6
63.8845,63.8845,90.0,0.0,0.0,0.0,0.0,0.0,1.0,-0.0,6
63.987500000000004,63.987500000000004,90.0,0.0,0.0,0.0,0.0,0.0,1.0,-0.0,6
64.09,64.09,90.0,0.0,0.0,0.0,0.0,0.0,1.0,-0.0,6
64.1925,64.19250000000001,90.0,0.0,0.0,0.0,0.0,0.0,1.0,-0.0,6
64.2955,64.29550000000002,90.0,0.0,0.0,0.0,0.0,0.0,1.0,-0.0,6
64.398,64.39800000000001,90.0,0.0,0.0,0.0,0.0,0.0,1.0,-0.0,6
64.5005,-20.230196832465985,12.586231370743032,-0.9957740438154933,-0.0649386389730338,0.06493863897303374,0.09183710395771445,-0.7041185789114855,0.7041185789114854,0.0,6
64.60300000000001,69.11157527757337,77.43089254225407,0.0,0.05249464576624713,0.06411219243980248,-2.3246380978069077e-17,0.7075888487417603,0.7066243847591946,3.5923352143372146e-54,6
64.7055,61.44039127922512,81.41937762688188,0.20628424925178393,-0.30942637387755045,-0.9282791216329377,-0.2722814225009373,-0.9293204379428718,0.24945210077795482,9.43047011981687e-22,6
64.8085,44.90053754350144,89.35419081643973,-0.22941573387056388,0.6882472016116853,0.6882472016116846,0.6264687570008087,0.10441145950012584,0.10441145950015109,-0.0,6
64.91099999999999,-20.791456572481227,89.35419081643973,-0.9973208092199034,0.05172621915893832,0.0517262191589383,0.07315192066485318,0.7052123072178488,0.7052123072178487,0.0,6
65.0135,65.0135,90.0,0.0,0.0,0.0,0.0,0.0,1.0,-0.0,6
65.1165,65.1165,90.0,0.0,0.0,0.0,0.0,0.0,1.0,-0.0,6
65.21900000000001,65.21900000000001,90.0,0.0,0.0,0.0,0.0,0.0,1.0,-0.0,6
65.32150000000001,65.32150000000001,90.0,0.0,0.0,0.0,0.0,0.0,1.0,-0.0,6
65.42450000000001,65.42450000000001,90.0,0.0,0.0,0.0,0.0,0.0,1.0,-0.0,6
65.527,65.52700000000002,90.0,0.0,0.0,0.0,0.0,0.0,1.0,-0.0,6
65.6295,65.62950000000001,90.0,0.0,0.0,0.0,0.0,0.0,1.0,-0.0,6
65.732,65.73199999999999,90.0,0.0,0.0,0.0,0.0,0.0,1.0,-0.0,6
65.83449999999999,65.83449999999998,90.0,0.0,0.0,0.0,0.0,0.0,1.0,-0.0,6
65.93750000000001,65.9375,90.0,0.0,0.0,0.0,0.0,0.0,1.0,-0.0,6
66.04,66.04,90.0,0.0,0.0,0.0,0.0,0.0,1.0,-0.0,6
66.1425,66.1425,90.0,0.0,0.0,0.0,0.0,0.0,1.0,-0.0,6
66.24549999999999,66.24549999999999,90.0,0.0,0.0,0.0,0.0,0.0,1.0,0.0,6
66.348,66.348,90.0,0.0,0.0,0.0,0.0,0.0,1.0,0.0,6
66.4505,66.4505,90.0,0.0,0.0,0.0,0.0,0.0,1.0,0.0,6
66.5535,66.5535,90.0,0.0,0.0,0.0,0.0,0.0,1.0,0.0,6
66.65599999999999,66.65599999999999,90.0,0.0,0.0,0.0,0.0,0.0,1.0,0.0,6
66.7585,66.75850000000001,90.0,0.0,0.0,0.0,0.0,0.0,1.0,0.0,6
66.861,66.86100000000002,90.0,0.0,0.0,0.0,0.0,0.0,1.0,0.0,6
66.96350000000001,66.96350000000001,90.0,0.0,0.0,0.0,0.0,0.0,1.0,0.0,6
67.0665,67.06649999999999,90.0,0.0,0.0,0.0,0.0,0.0,1.0,0.0,6
67.169,67.16899999999998,90.0,0.0,0.0,0.0,0.0,0.0,1.0,0.0,6
67.27149999999999,67.27149999999999,90.0,0.0,0.0,0.0,0.0,0.0,1.0,0.0,6
67.37449999999998,67.37449999999998,90.0,0.0,0.0,0.0,0.0,0.0,1.0,0.0,6
67.47699999999999,67.47699999999999,90.0,0.0,0.0,0.0,0.0,0.0,1.0,0.0,6
67.5795,67.5795,90.0,0.0,0.0,0.0,0.0,0.0,1.0,0.0,6
67.682,67.682,90.0,0.0,0.0,0.0,0.0,0.0,1.0,0.0,6
67.78450000000001,67.78450000000001,90.0,0.0,0.0,0.0,0.0,0.0,1.0,0.0,6
67.8875,67.88750000000002,90.0,0.0,0.0,0.0,0.0,0.0,1.0,0.0,6
67.99,67.99000000000001,90.0,0.0,0.0,0.0,0.0,0.0,1.0,0.0,6
68.0925,68.0925,90.0,0.0,0.0,0.0,0.0,0.0,1.0,0.0,6
68.1955,68.1955,90.0,0.0,0.0,0.0,0.0,0.0,1.0,0.0,6
68.298,68.29799999999999,90.0,0.0,0.0,0.0,0.0,0.0,1.0,0.0,6
68.4005,68.4005,90.0,0.0,0.0,0.0,0.0,0.0,1.0,0.0,6
68.50350000000002,68.5035,90.0,0.0,0.0,0.0,0.0,0.0,1.0,0.0,6
68.60600000000001,68.60600000000001,90.0,0.0,0.0,0.0,0.0,0.0,1.0,0.0,6
68.7085,68.7085,90.0,0.0,0.0,0.0,0.0,0.0,1.0,0.0,6
68.811,68.811,90.0,0.0,0.0,0.0,0.0,0.0,1.0,0.0,6
68.91350000000001,68.91350000000001,90.0,0.0,0.0,0.0,0.0,0.0,1.0,0.0,6
69.01650000000001,69.01650000000001,90.0,0.0,0.0,0.0,0.0,0.0,1.0,0.0,6
69.11899999999999,69.119,90.0,0.0,0.0,0.0,0.0,0.0,1.0,0.0,6
69.22149999999999,69.22149999999999,90.0,0.0,0.0,0.0,0.0,0.0,1.0,0.0,6
69.3245,69.32450000000001,90.0,0.0,0.0,0.0,0.0,0.0,1.0,0.0,6
69.427,69.427,90.0,0.0,0.0,0.0,0.0,0.0,1.0,0.0,6
69.52950000000001,69.5295,90.0,0.0,0.0,0.0,0.0,0.0,1.0,0.0,6
69.63250000000001,69.6325,90.0,0.0,0.0,0.0,0.0,0.0,1.0,0.0,6
69.735,69.73499999999999,90.0,0.0,0.0,0.0,0.0,0.0,1.0,0.0,6
69.83749999999999,69.83749999999999,90.0,0.0,0.0,0.0,0.0,0.0,1.0,0.0,6
69.94,69.94,90.0,0.0,0.0,0.0,0.0,0.0,1.0,0.0,6
70.04249999999999,70.0425,90.0,0.0,0.0,0.0,0.0,0.0,1.0,0.0,6
70.14550000000001,-36.58825208198585,45.72648425395904,-0.9995592402604394,0.029687121955035027,-0.0,0.029687121955035044,0.9995592402604394,-0.0,0.0,6
70.24800000000002,70.24800000000002,90.0,0.0,0.0,0.0,0.0,0.0,1.0,0.0,6
70.35050000000001,70.35050000000003,90.0,0.0,0.0,0.0,0.0,0.0,1.0,0.0,6
70.45349999999999,25.94787754483,12.586231370742624,0.42640143271122943,0.6396021490668291,-0.639602149066828,-0.9045340337332877,0.301511344577763,-0.3015113445777739,0.0,6
70.556,70.556,90.0,0.0,0.0,0.0,0.0,0.0,1.0,0.0,6
70.6585,70.65849999999999,90.0,0.0,0.0,0.0,0.0,0.0,1.0,0.0,6
70.761,70.76099999999998,90.0,0.0,0.0,0.0,0.0,0.0,1.0,0.0,6
70.8635,70.86349999999999,90.0,0.0,0.0,0.0,0.0,0.0,1.0,0.0,6
70.9665,-40.62026857381577,18.274918569307758,-0.999600162599366,-0.024246208486513668,0.014547725091908202,0.028275695063450082,-0.8571500679700651,0.5142900407820391,0.0,6
71.069,71.069,90.0,0.0,0.0,0.0,0.0,0.0,1.0,0.0,6
71.17150000000001,27.635173224471682,82.32403899901708,-0.0,0.13888265183357767,0.1457081920168031,0.7145777108099842,0.014460437584666143,-0.699406599167053,1.1396951969190514e-36,6
71.2745,-22.91920535499621,45.72648425395904,0.44721359549994727,-0.8944271909999212,0.0,0.8944271909999212,0.4472135954999472,0.0,0.0,6
71.37700000000001,-73.24232269912221,45.72648425395904,-0.9971662305525911,0.07522970587166151,-0.0,0.07522970587166149,0.9971662305525912,-0.0,0.0,6
71.4795,71.47950000000002,90.0,0.0,0.0,0.0,0.0,0.0,1.0,0.0,6
71.5825,71.58250000000001,90.0,0.0,0.0,0.0,0.0,0.0,1.0,0.0,6
71.68499999999999,71.685,90.0,0.0,0.0,0.0,0.0,0.0,1.0,0.0,6
71.7875,71.7875,90.0,0.0,0.0,0.0,0.0,0.0,1.0,0.0,6
71.89,71.89,90.0,0.0,0.0,0.0,0.0,0.0,1.0,0.0,6
71.9925,71.99249999999999,90.0,0.0,0.0,0.0,0.0,0.0,1.0,0.0,6
72.09550000000002,72.0955,90.0,0.0,0.0,0.0,0.0,0.0,1.0,0.0,6
72.19800000000001,72.19800000000001,90.0,0.0,0.0,0.0,0.0,0.0,1.0,0.0,6
72.3005,72.3005,90.0,0.0,0.0,0.0,0.0,0.0,1.0,0.0,6
72.4035,72.4035,90.0,0.0,0.0,0.0,0.0,0.0,1.0,0.0,6
