alpha_deg,delta_alpha_deg,beta_deg
-69.795,0.00904922209848352,-0.07941854993493117
-69.692,0.009264993278002004,-0.07944418666140105
-69.589,0.009478748267114468,-0.07946482012966079
-69.487,0.009688392909458513,-0.07948033673228266
-69.384,0.009897989671610126,-0.07949105558446529
-69.282,0.010103421519334122,-0.07949678385567442
-69.179,0.010308669126599794,-0.07949764999923582
-69.076,0.010511660523388845,-0.07949359070949012
-68.974,0.01071041157320551,-0.07948473411373926
-68.871,0.010908773247645151,-0.07947092456345344
-68.768,0.011104739723264185,-0.0794522438702253
-68.666,0.01129639842363704,-0.07942896316407988
-68.563,0.011487462636308617,-0.079400645812489
-68.461,0.011674178701129502,-0.07936786185930368
-68.358,0.011860163958426762,-0.0793299895393021
-68.255,0.012043531892943708,-0.07928734877117576
-68.153,0.01222249788823636,-0.0792404447928039
-68.05,0.012400528845375841,-0.07918838075438239
-67.947,0.012575815162482793,-0.07913161710553282
-67.845,0.012746654095685143,-0.07907079693461352
-67.742,0.012916354796210764,-0.07900475226259807
-67.639,0.013083188375571434,-0.07893408205488457
-67.537,0.01324553757422875,-0.07885956503143039
-67.434,0.01340654676104517,-0.07877976634086353
-67.332,0.013563051668255539,-0.07869626194581694
-67.229,0.013718083233183121,-0.07860744187348044
-67.126,0.01387005504948837,-0.07851413090635714
-67.024,0.014017499843390473,-0.07841732833952578
-66.921,0.014163272710616123,-0.07831516506651139
-66.818,0.014305877374632094,-0.07820859826643245
-66.716,0.014443940916396586,-0.07809875622970905
-66.613,0.014580136363977206,-0.07798351573845602
-66.51,0.014713060816274964,-0.07786396380391322
-66.408,0.014841438734187319,-0.07774135496389975
-66.305,0.014967755177616945,-0.07761331718293368
-66.203,0.015089526314951914,-0.07748236876136191
-66.1,0.015209108992439836,-0.07734597511855476
-65.997,0.015325262583786374,-0.07720543344185567
-65.895,0.015436879983877555,-0.07706220208415057
-65.792,0.015546120997188221,-0.07691350704243356
-65.689,0.015651846193850287,-0.07676076782949884
-65.587,0.015753053044434397,-0.07660556108079766
-65.484,0.01585169933454135,-0.07644487934306869
-65.382,0.01594584398950398,-0.07628187843761054
-65.279,0.016037307755188423,-0.07611339895744358
-65.176,0.016125125445514206,-0.07594105731884185
-65.074,0.0162084738505596,-0.07576661997610976
-64.971,0.01628896422378934,-0.07558670453861818
-64.868,0.016365739103122293,-0.0754030413392642
-64.766,0.016438085707958967,-0.07521750629638425
-64.663,0.016507401817513444,-0.0750265006145275
-64.56,0.016572939789052655,-0.07483186517614143
-64.458,0.016634099102924432,-0.07463558185617158
-64.355,0.016692060471688884,-0.07443384224105112
-64.253,0.016745680943166093,-0.07423060372083416
-64.15,0.016795994957804643,-0.07402192222255354
-64.047,0.01684244189360207,-0.07380981499525414
-63.945,0.016884611718877614,-0.07359643233966871
-63.842,0.01692331670917043,-0.07337763229944773
-63.739,0.016958110659660002,-0.07315553318928711
-63.637,0.016988699670114314,-0.0729323814461009
-63.534,0.017015671332785233,-0.07270384451543557
-63.431,0.01703869520376377,-0.07247213804561055
-63.329,0.0170575945773448,-0.07223960076603075
-63.226,0.017072730258527527,-0.07200171697490215
-63.124,0.017083799507104175,-0.07176314933542609
-63.021,0.017091011222248924,-0.07151926445174565
-62.918,0.017094230173528673,-0.07127243157552178
-62.816,0.01709347662424137,-0.07102513441747774
-62.713,0.01708873011558392,-0.07077256917871169
-62.61,0.0170799737119786,-0.07051719209517175
-62.508,0.017067346641340585,-0.07026156856347761
-62.405,0.017050598110794624,-0.07000073221387138
-62.303,0.01703005099066226,-0.0697397933046233
-62.2,0.01700530085179473,-0.06947368166239423
-62.097,0.016976528902141342,-0.06920498945860441
-61.995,0.016944072981750553,-0.06893640902483145
-61.892,0.01690729765683134,-0.0686627209225858
-61.789,0.016866503406314487,-0.06838659346954487
-61.687,0.016822147231728216,-0.06811078964837472
-61.584,0.016773362869103768,-0.06782994887966529
-61.481,0.016720570026702776,-0.06754681146048076
-61.379,0.016664344531531837,-0.06726420679983379
-61.276,0.0166035898984915,-0.06697664138760949
-61.174,0.016539492552080814,-0.0666897462799182
-61.071,0.016470803327444453,-0.0663979440773869
-60.968,0.016398139819608963,-0.06610408559637855
-60.866,0.016322274415702318,-0.0658111014115781
-60.763,0.01624172970969248,-0.06551329502327058
-60.66,0.016157241320722687,-0.06521357791933027
-60.558,0.016069698471521898,-0.06491493568177421
-60.455,0.015977397282363234,-0.06461156108622791
-60.352,0.015881190533978573,-0.0643064219937254
-60.25,0.015782083129256448,-0.06400255466983935
-60.147,0.01567814691467881,-0.06369404957924614
-60.045,0.0155714158142255,-0.06338694516080186
-59.942,0.015459813832554908,-0.06307526845906869
-59.839,0.015344386373864344,-0.06276207163588764
-59.737,0.015226327851391861,-0.0624504657488084
-59.634,0.015103342613288748,-0.06213438959394549
-59.531,0.014976589840050016,-0.06181694016851712
-59.429,0.014847375468186754,-0.06150126765150531
-59.326,0.014713187528280134,-0.06118123104145711
-59.224,0.014576653767560607,-0.06086309263234811
-59.121,0.014435120296835888,-0.06054066299056065
-59.018,0.014289931979241801,-0.060217104159787156
-58.916,0.014142576051320844,-0.05989562186852985
-58.813,0.01399018879755417,-0.059569960932531946
-58.71,0.013834223916901586,-0.05924331667765395
-58.608,0.013676274478115813,-0.058918922439052335
-58.505,0.013513271386222228,-0.05859046567709224
-58.402,0.013346774930482669,-0.05826117068754287
-58.3,0.013178481492112305,-0.05793429413036262
-58.197,0.013005121448306782,-0.05760347446129703
-58.095,0.012830091615609836,-0.057275182420604726
-57.992,0.012649991788418379,-0.05694302844842956
-57.889,0.012466554240520664,-0.05661027558309104
-57.787,0.012281641282574328,-0.056280209915486566
-57.684,0.012091661140948846,-0.05594640665681232
-57.581,0.011898445681910976,-0.05561214644721808
-57.479,0.01170395282443908,-0.05528072745713579
-57.376,0.011504405120947692,-0.05494569783921452
-57.274,0.01130371365490302,-0.05461360879829557
-57.171,0.011097980849349796,-0.054277994962076644
-57.068,0.010889197708169648,-0.05394215698961598
-56.966,0.010679474090506062,-0.053609404012801815
-56.863,0.010464737391158125,-0.0532732570027173
-56.76,0.010247069796907551,-0.0529370231330238
-56.658,0.010028667702235924,-0.05260401270974473
-56.555,0.009805290346761072,-0.052267740950140154
-56.452,0.009579107599232514,-0.05193151747982992
-56.35,0.009352398652482885,-0.051598649799227875
-56.247,0.009120761812327093,-0.05126265515245401
-56.145,0.008888738521762331,-0.05093010093152281
-56.042,0.00865182414078327,-0.05059450997705661
-55.939,0.008412326321068794,-0.05025918715159383
-55.837,0.008172653401285156,-0.04992742664054159
-55.734,0.007928152577620903,-0.04959276596869413
-55.631,0.007681208985391402,-0.04925850194138606
-55.529,0.007434302972655207,-0.04892791568765309
-55.426,0.007182641664579586,-0.048594566816319115
-55.323,0.006928683546411695,-0.048261740269625236
-55.221,0.006674976635957779,-0.047932700424784785
-55.118,0.006416596383948463,-0.04760103621168055
-55.016,0.0061586098643980625,-0.04727322753622901
-54.913,0.005896009685305154,-0.046942886770485456
-54.81,0.005631366901039003,-0.04661327087736562
-54.708,0.0053673322054724505,-0.0462876083763364
-54.605,0.00509878115493715,-0.04595955262482555
-54.502,0.004828346382624263,-0.045632338999014116
-54.4,0.004558733977687239,-0.04530916987110075
-54.297,0.004284711583794849,-0.04498374633688125
-54.195,0.004011653943993134,-0.04466242416764452
-54.092,0.0037342620672745318,-0.044338939878429864
-53.989,0.0034552607022178584,-0.04401648522718628
-53.887,0.0031774373802661744,-0.04369821167499884
-53.784,0.002895400970859545,-0.04337791427585648
-53.681,0.002611925044551218,-0.0430587541674421
-53.579,0.0023298393393509226,-0.04274384800388944
-53.476,0.0020436703609170957,-0.04242705557958015
-53.373,0.0017562354915781654,-0.042111504219678825
-53.271,0.0014704015233559936,-0.041800272730162735
-53.168,0.0011806225837292586,-0.041487291624363
-53.066,0.0008925837502555926,-0.04117867042134848
-52.963,0.0006006966074860558,-0.04086838990431817
-52.86,0.0003078400939620571,-0.04055951430630154
-52.758,1.6931016690487077e-05,-0.040255052969462995
-52.655,-0.0002776743652288631,-0.03994906683719713
-52.552,-0.0005730671699089446,-0.03964457839038893
-52.45,-0.0008663077289700304,-0.03934455161200845
-52.347,-0.0011630846454810002,-0.0390431329516764
-52.244,-0.0014604644649887262,-0.038743300384672996
-52.142,-0.0017554901287319818,-0.038447969951015785
-52.039,-0.0020538844911079726,-0.038151378702096214
-51.937,-0.002349792101178111,-0.03785931268058615
-51.834,-0.002648952664303563,-0.03756607193911298
-51.731,-0.0029484039278976013,-0.03727455456303854
-51.629,-0.0032451721873731354,-0.03698759136578268
-51.526,-0.0035450134469025667,-0.03669958091529957
-51.423,-0.003844955553194005,-0.036413370088954046
-51.321,-0.0041420222910486075,-0.03613173552783326
-51.218,-0.004441975046773374,-0.035849178712501165
-51.116,-0.00473892673231209,-0.03557120908121113
-51.013,-0.005038636224437423,-0.035292398915132375
-50.91,-0.0053381273577077885,-0.03501550483820199
-50.808,-0.005634432330157396,-0.03474320871147795
-50.705,-0.005933297046955822,-0.034470192446365365
-50.602,-0.0062317504917993385,-0.03419915572933044
-50.5,-0.006526837521330625,-0.03393272101794612
-50.397,-0.006824279977407647,-0.03366568351540562
-50.294,-0.007121117699603111,-0.033400684082447944
-50.192,-0.0074144139313797874,-0.03314028407712269
-50.089,-0.007709855328353062,-0.03287939537214416
-49.987,-0.008001641744069865,-0.03262310074474324
-49.884,-0.008295430242550726,-0.032366391451929384
-49.781,-0.00858829145773667,-0.03211180658009043
-49.679,-0.008877331983669516,-0.03186180235867208
-49.576,-0.009168155154166004,-0.03161149170080279
-49.473,-0.009457857732834224,-0.03136335055145445
-49.371,-0.009743579968650745,-0.031119770247842224
-49.268,-0.010030860352018278,-0.03087598796467673
-49.166,-0.010314057639384581,-0.0306367498663954
-49.063,-0.010598661020661464,-0.03039737713365665
-48.96,-0.010881823481796542,-0.030160237632340478
-48.858,-0.011160753964353065,-0.02992761214722444
-48.755,-0.011440858400087614,-0.029694949806268557
-48.652,-0.011719331121550092,-0.02946455208453542
-48.55,-0.011993429844596816,-0.029238632158480223
-48.447,-0.012268466275104889,-0.029012768921221593
-48.344,-0.012541681748189572,-0.028789196517021373
-48.242,-0.012810388349702904,-0.0285700597754389
-48.139,-0.013079792681440692,-0.028351068875140262
-48.037,-0.013344602468236298,-0.02813648238972061
-47.934,-0.013609948379173911,-0.027922098575547515
-47.831,-0.013873162467856037,-0.027710037760482788
-47.729,-0.01413165964118207,-0.027502329712771164
-47.626,-0.014390447595647114,-0.027294905845741055
-47.523,-0.014646920222373927,-0.027089817399236264
-47.421,-0.014898561410169382,-0.026889024574281942
-47.318,-0.015150245335563289,-0.02668859266854933
-47.215,-0.015399433174305855,-0.026490503455303106
-47.113,-0.015643683137418936,-0.026296647390234844
-47.01,-0.015887725492358694,-0.026103224086655285
-46.908,-0.016126763723912987,-0.025913989484549635
-46.805,-0.016365426643515295,-0.025725232689552107
-46.702,-0.01660129936729262,-0.02553881934543628
-46.6,-0.016832075497663697,-0.025356523756058933
-46.497,-0.017062223034007222,-0.02517476940821825
-46.394,-0.017289408483070656,-0.024995352212890277
-46.292,-0.017511413530606996,-0.02481997699060582
-46.189,-0.01773253548561231,-0.02464520126031782
-46.087,-0.01794842615324716,-0.02447441448118754
-45.984,-0.01816326386786778,-0.024304263046466146
-45.881,-0.01837486198728238,-0.024136427185178236
-45.779,-0.01858115985360413,-0.0239724968830338
-45.676,-0.01878614916388994,-0.023809251346498233
-45.573,-0.01898773803145523,-0.023648301869680834
-45.471,-0.01918396681703636,-0.02349117026724019
-45.368,-0.019378631337979187,-0.02333476744990432
-45.265,-0.01956973925089461,-0.02318063634467943
-45.163,-0.01975543654078167,-0.023030231351134557
-45.06,-0.01993931417242001,-0.02288059369732543
-44.958,-0.020117752757377733,-0.02273461892736512
-44.855,-0.02029420208029476,-0.022589434102879485
-44.752,-0.02046684584871332,-0.02244646992800618
-44.65,-0.020634015792757136,-0.022307070574159926
-44.547,-0.020798942541878057,-0.02216849050584669
-44.444,-0.02095992141757848,-0.02203209426764714
-44.342,-0.02111540130621726,-0.021899161308864955
-44.239,-0.021268385506234472,-0.021767071392694657
-44.136,-0.021417285198467383,-0.021637123985446483
-44.034,-0.021560670449715366,-0.021510535070810875
-43.931,-0.02170130937876343,-0.021384807347574662
-43.829,-0.021836429001339853,-0.021262366690643117
-43.726,-0.021968636721613876,-0.021140796188252847
-43.623,-0.022096545662537104,-0.02102128967477932
-43.521,-0.02221893617811953,-0.0209049605653712
-43.418,-0.022338168186002073,-0.020789510390253476
-43.315,-0.02245298115001719,-0.02067607143203824
-43.213,-0.022562286449230827,-0.020565697612435777
-43.11,-0.02266818960820742,-0.020456205881959347
-43.008,-0.022768597757881277,-0.020349703246500386
-42.905,-0.022865443460201224,-0.020244081688004144
-42.802,-0.022957684502775858,-0.02014037448130125
-42.7,-0.023044457818554527,-0.020039540317692915
-42.597,-0.02312743091859342,-0.019939581050629283
-42.494,-0.02320569709034094,-0.019841472815048444
-42.392,-0.02327853275052278,-0.01974611963120788
-42.289,-0.023347334488319483,-0.019651629595614027
-42.186,-0.02341133415994775,-0.01955892357205037
-42.084,-0.023469950457369066,-0.01946885292242847
-41.981,-0.023524303587208306,-0.01937962814506907
-41.879,-0.02357331020372645,-0.019292958276472198
-41.776,-0.023617903737828436,-0.019207119741920062
-41.673,-0.023657553084648737,-0.019122945791345134
-41.571,-0.02369191951270338,-0.019041204828265625
-41.468,-0.02372165191524108,-0.018960268833059332
-41.365,-0.023746364896292248,-0.01888092129143389
-41.263,-0.023765868365222525,-0.018803883810049014
-41.16,-0.023780522362149364,-0.018727619558984915
-41.057,-0.0237900894729655,-0.018652864509849487
-40.955,-0.023794530218506634,-0.01858029584402876
-40.852,-0.02379391191730261,-0.018508463376329123
-40.75,-0.02378822794810073,-0.018438734685172153
-40.647,-0.023777348878214977,-0.018369714651442874
-40.544,-0.023761288192507782,-0.01830206535311492
-40.442,-0.023740261004229317,-0.018236395474255564
-40.339,-0.023713839730645076,-0.01817138859836898
-40.236,-0.023682190766943015,-0.018107665728131914
-40.134,-0.023645683933903566,-0.01804579785212458
-40.031,-0.023603590860912266,-0.01798454228118595
-39.929,-0.023556717406709254,-0.017925058976247948
-39.826,-0.02350413377213953,-0.01786615149149873
-39.723,-0.023446264055031106,-0.017808378148895476
-39.621,-0.02338373805816519,-0.017752253096064256
-39.518,-0.023315321856532338,-0.017696645016540783
-39.415,-0.023241595684011317,-0.017642078159450923
-39.313,-0.02316334641324907,-0.01758903622023195
-39.21,-0.023079034631871637,-0.0175364476802128
-39.107,-0.022989397468273706,-0.017484805467187624
-39.005,-0.0228953792935349,-0.0174345656527653
-38.902,-0.022795134334056978,-0.01738471107077206
-38.8,-0.022690607777789702,-0.01733617793410414
-38.697,-0.022579749699325052,-0.017287982183475166
-38.594,-0.022463559551945615,-0.017240570844423125
-38.492,-0.02234324429875922,-0.017194360394916577
-38.389,-0.022216447289591816,-0.01714841183635598
-38.286,-0.022084325665964452,-0.017103148481101497
-38.184,-0.021948243793261754,-0.017058966959200148
-38.081,-0.021805538738017227,-0.017014967639071663
-37.979,-0.02165898768430889,-0.016971971857938792
-37.876,-0.021505724330717006,-0.016929102994280524
-37.773,-0.021347167964300195,-0.016886751410460872
-37.671,-0.021184943873017673,-0.016845287328796265
-37.568,-0.02101588131106035,-0.016803863856852785
-37.465,-0.020841556240104246,-0.016762855562955092
-37.363,-0.020663749439719187,-0.01672262085313461
-37.26,-0.02047898748700727,-0.01668233670359271
-37.157,-0.020289002169224968,-0.016642364916782136
-37.055,-0.020095728572251247,-0.016603055138339085
-36.952,-0.019895392860371862,-0.016563602311462935
-36.85,-0.019691901621388452,-0.016524738635996825
-36.747,-0.019481282568684418,-0.01648566772747122
-36.644,-0.01926552445236314,-0.016446736904562446
-36.542,-0.01904681604716045,-0.01640828804054735
-36.439,-0.018820889523799456,-0.016369532828723228
-36.336,-0.018589885947989757,-0.01633081398436151
-36.234,-0.01835614400081606,-0.016292472817812126
-36.131,-0.018115103889875337,-0.01625372314615446
-36.028,-0.01786905721491148,-0.0162149061601619
-35.926,-0.017620490451848558,-0.016176365684694206
-35.823,-0.01736455591226379,-0.01613731170855153
-35.721,-0.017106249939340366,-0.016098468730214328
-35.618,-0.01684053571807386,-0.01605904089749228
-35.515,-0.016569950940432822,-0.016019373693260956
-35.413,-0.016297222888153755,-0.015979821937003924
-35.31,-0.016017034694267514,-0.015939576070646364
-35.207,-0.015732068615367033,-0.01589898824185569
-35.105,-0.015445192895236512,-0.0158584239313033
-35.002,-0.015150815957862905,-0.015817053985237566
-34.9,-0.014854687742906242,-0.015775648464312692
-34.797,-0.014551037024344807,-0.01573336192902013
-34.694,-0.014242780752937778,-0.015690564384135568
-34.592,-0.013933015166419174,-0.015647645752541864
-34.489,-0.013615704262867798,-0.015603731293753484
-34.386,-0.013293901853917628,-0.015559205750713602
-34.284,-0.012970836603600985,-0.015514477682768457
-34.181,-0.012640214306362389,-0.01546863730287956
-34.078,-0.012305222310623696,-0.015422087068082214
-33.976,-0.011969218080609295,-0.015375257099293422
-33.873,-0.011625656225625357,-0.015327196892147246
-33.771,-0.011281251037831515,-0.015278807978783738
-33.668,-0.010929294047510725,-0.01522910965258243
-33.565,-0.01057318701825588,-0.015178540375798813
-33.463,-0.010216493287134601,-0.015127572549801939
-33.36,-0.009852265854139826,-0.015075175501463776
-33.257,-0.009484030046854504,-0.015021813139275773
-33.155,-0.009115467256807164,-0.01496798698660446
-33.052,-0.008739400114127042,-0.014912610985982483
-32.949,-0.008359473366192045,-0.014856177301620345
-32.847,-0.007979482038262159,-0.01479921931071236
-32.744,-0.007592026959552252,-0.014740590268056535
-32.642,-0.007204683237737837,-0.01468139931612248
-32.539,-0.006809909020353826,-0.014620456438288151
-32.436,-0.00641153818886355,-0.014558306937139137
-32.334,-0.006013544673627891,-0.014495543129931083
-32.231,-0.005608179967805731,-0.014430905760987765
-32.128,-0.005199385310877869,-0.014364975578154056
-32.026,-0.004791235508629331,-0.014298383701361078
-31.923,-0.004375784997692553,-0.014229796687302999
-31.821,-0.003961158078221351,-0.014160519259206864
-31.718,-0.0035392835277954383,-0.014089165926680407
-31.615,-0.0031142704570781467,-0.014016382141775629
-31.513,-0.0026903502070044997,-0.013942869090149516
-31.41,-0.002259271280372569,-0.013867159191452698
-31.307,-0.0018252367050788747,-0.013789940019538746
-31.205,-0.0013925646257429442,-0.013711957952250905
-31.102,-0.0009528338001408721,-0.013631658793973376
-30.999,-0.0005103358027799664,-0.013549774593719551
-30.897,-6.946999313780719e-05,-0.013467099156013303
-30.794,0.00037834376402381617,-0.013381987319971806
-30.692,0.0008243460340262368,-0.013296068339008288
-30.589,0.0012772165420311867,-0.013207634186191648
-30.486,0.001732528603683621,-0.013117495966254588
-30.384,0.002185760416552553,-0.013026531176056986
-30.281,0.002645731851630676,-0.012932933990207507
-30.178,0.0031079427886415174,-0.012837565811053407
-30.076,0.003567805849456561,-0.01274135704022753
-29.973,0.004034269418542886,-0.01264240021183114
-29.87,0.004502765883045925,-0.012541609028935469
-29.768,0.004968648409812452,-0.01243996866222654
-29.665,0.005440982002624136,-0.012335466368052942
-29.563,0.005910525651356571,-0.012230112188537513
-29.46,0.006386415265932484,-0.012121821396819043
-29.357,0.006863984378069482,-0.01201159896716443
-29.255,0.0073385010476129005,-0.01190052513139851
-29.152,0.007819197459880559,-0.011786404300732382
-29.049,0.008301356137880835,-0.011670298566171366
-28.947,0.008780202584001811,-0.011553347351486528
-28.844,0.009265052754161132,-0.011433241148700752
-28.742,0.0097464194915194,-0.01131229642354804
-28.639,0.010233667480155983,-0.011188126263250147
-28.536,0.010722008538092992,-0.011061891385950044
-28.434,0.011206611826321336,-0.01093483295219408
-28.331,0.011696904547785228,-0.010804445549570283
-28.228,0.012188064789276792,-0.010671951015532893
-28.126,0.012675236755700769,-0.010538653282587782
-28.023,0.013167897186221566,-0.010401926004906425
-27.92,0.013661197085469777,-0.010263053419036446
-27.818,0.01415026244878156,-0.010123403344214604
-27.715,0.01464460642520304,-0.009980226310896317
-27.613,0.0151345545119088,-0.009836291843739717
-27.51,0.01562963675413359,-0.009688767431887131
-27.407,0.016124974010070608,-0.009539043743124474
-27.305,0.016615677086498595,-0.009388597131201451
-27.202,0.017111290310486405,-0.00923446886604755
-27.099,0.017606925524475694,-0.00907811480789477
-26.997,0.018097693585809087,-0.00892107753652389
-26.894,0.018593139691654426,-0.008760270582365254
-26.792,0.01908356672073552,-0.008598809690513349
-26.689,0.01957851298007028,-0.008433522654203291
-26.586,0.020073090580668862,-0.008265975649666087
-26.484,0.020562425847719456,-0.008097822905230062
-26.381,0.021056035475080736,-0.007925762516474125
-26.278,0.021549040968056432,-0.007751427715353812
-26.176,0.02203658720808142,-0.007576540349449195
-26.073,0.02252815572373139,-0.007397667990066591
-25.97,0.023018884369161594,-0.007216511377608945
-25.868,0.023503943546819357,-0.007034860252384519
-25.765,0.023992766053157012,-0.00684915109933518
-25.663,0.02447578306887937,-0.006662988721714891
-25.56,0.024962387437238595,-0.006472722174877998
-25.457,0.025447759702355657,-0.006280165275254232
-25.355,0.025927128218077473,-0.006087221078533007
-25.252,0.026409814522669026,-0.005890107208836378
-25.149,0.026891034065096367,-0.005690705529903297
-25.047,0.027366059234523718,-0.005490987046803408
-24.944,0.02784412676001385,-0.005287038101978065
-24.841,0.028320493932921395,-0.0050808085561933735
-24.739,0.02879048407377175,-0.0048743371319867855
-24.636,0.02926323565993273,-0.004663579307725943
-24.534,0.029729493210692917,-0.004452631862471837
-24.431,0.03019832239732167,-0.0042373635369427395
-24.328,0.03066506551846159,-0.004019836960211713
-24.226,0.031125145910127917,-0.0038022027547394734
-24.123,0.03158750879566275,-0.0035802000871334467
-24.02,0.03204755663488113,-0.0033559587744846735
-23.918,0.032500781834775505,-0.0031316958649789863
-23.815,0.03295599599412225,-0.002903022081164589
-23.713,0.03340428609018029,-0.0026743861218310808
-23.61,0.033854367546412495,-0.0024413139761936386
-23.507,0.034301758036362415,-0.002206046066972247
-23.405,0.03474207980821586,-0.0019709083801617254
-23.302,0.0351838930291251,-0.0017313009307442125
-23.199,0.03562279344040729,-0.0014895295440880921
-23.097,0.03605448999028274,-0.001247984370731441
-22.994,0.036487374824229646,-0.0010019412837173718
-22.891,0.0369171283221127,-0.000753770592545909
-22.789,0.03733955257396188,-0.0005059255183050056
-22.686,0.03776285912928182,-0.00025355988337767005
-22.584,0.03817875850882132,-1.5878268928692235e-06
-22.481,0.03859533519335677,0.000254916778462547
-22.378,0.03900842485617767,0.0005134786205272662
-22.276,0.039413998721259794,0.0007715422135787936
-22.173,0.0398199402072269,0.0010341516862532266
-22.07,0.040222186643410644,0.0012987703397150108
-21.968,0.04061681900475089,0.001562783171594466
-21.865,0.04101150767803081,0.0018313495469043598
-21.762,0.041402297817620705,0.0021018727805554027
-21.66,0.041785386141660004,0.0023716799200742874
-21.557,0.04216821829706554,0.002646042556723056
-21.455,0.042543296165451695,0.0029196143087862093
-21.352,0.04291790945790597,0.003197739676477053
-21.249,0.04328829625097176,0.0034777255140822604
-21.147,0.0436508589472193,0.003756806159695005
-21.044,0.044012643647863225,0.004040432795113014
-20.941,0.0443700120249656,0.0043258566339673486
-20.839,0.04471949746340255,0.004610258835967374
-20.736,0.04506789153295619,0.004899193625457205
-20.634,0.0454083696445246,0.005187028197118311
-20.531,0.045747548062433946,0.005479383230401751
-20.428,0.04608200674947642,0.005773421434943464
-20.326,0.04640850918814788,0.006066239904634733
-20.223,0.04673339965519861,0.006363555802894903
-20.12,0.047053396361262274,0.006662481394607933
-20.018,0.04736540780902819,0.006960066188779725
-19.915,0.047675496275345675,0.0072621196069605105
-19.812,0.047980523393000477,0.007565705625844276
-19.71,0.048277547608547855,0.007867828466868305
-19.607,0.048572339557466856,0.008174385376143782
-19.505,0.048859123195290274,0.008479397036300915
-19.402,0.04914346989095382,0.008788816591611175
-19.299,0.04942249112911436,0.009099632668422442
-19.197,0.04969350548621021,0.009408779434444372
-19.094,0.049961777495861504,0.009722290033002356
-18.991,0.050224574912764205,0.010037111066583568
-18.889,0.05047937838721341,0.010350138029848637
-18.786,0.050731137038192195,0.010667479114791571
-18.684,0.050974916748621764,0.010982942820686417
-18.581,0.05121545215541209,0.011302684458254587
-18.478,0.05145028105189372,0.0116235863033756
-18.376,0.05167716315257903,0.011942485371618601
-18.273,0.05190050433871003,0.012265603383863595
-18.17,0.05211801003394524,0.01258978754685117
-18.068,0.05232761260279707,0.012911843468170377
-17.965,0.052533381751576805,0.013238053870483584
-17.862,0.05273319438530684,0.013565233661887152
-17.76,0.052925159059973886,0.013890159917806722
-17.657,0.05311300234563505,0.014219170798890693
-17.555,0.05329304074271059,0.014545844962860656
-17.452,0.05346876880717363,0.014876554312734365
-17.349,0.053638356971996606,0.01520806632792867
-17.247,0.0538002144584238,0.015537117145046329
-17.144,0.053957482138499796,0.01587012451870339
-17.041,0.05410851103245773,0.016203831396796223
-16.939,0.054251894797589004,0.016534953400069816
-16.836,0.054390414934801304,0.01686994820325901
-16.733,0.0545226060168397,0.017205537265899455
-16.631,0.05464724876700627,0.017538418817194
-16.528,0.054766760123819494,0.017875084400777515
-16.426,0.05487879375641565,0.01820896154020174
-16.323,0.054985521326971765,0.018546560913224076
-16.22,0.05508578902236788,0.018884575111557188
-16.118,0.05517869427216049,0.019219680481386135
-16.015,0.05526603665369905,0.019558411252723343
-15.912,0.055346852558326706,0.019897446932177463
-15.81,0.05542043221270261,0.02023345505959437
-15.707,0.05548819928018472,0.02057298709761235
-15.605,0.055548820066217065,0.02090941359627875
-15.502,0.05560346616690689,0.021249293944668485
-15.399,0.05565149511362209,0.021589293083276936
-15.297,0.05569252180325502,0.021926071230935026
-15.194,0.05572733670573624,0.022266194308764982
-15.091,0.05575549232766451,0.022606322918266135
-14.989,0.05577680018149857,0.02294311734817281
-14.886,0.055791667190374414,0.02328314354011571
-14.783,0.05579984212804098,0.023623061104620355
-14.681,0.055801334051189116,0.0239595337834271
-14.578,0.05579616445281664,0.024299120975428745
-14.476,0.0557844270811151,0.024635191079862458
-14.373,0.055765886115101304,0.024974295482516194
-14.27,0.05574061934777067,0.02531309964791442
-14.168,0.05570896616950563,0.025648280630820114
-14.065,0.05567030339424989,0.02598637225838187
-13.962,0.055624907174916596,0.026324048047891693
-13.86,0.05557331556039602,0.0266579976070383
-13.757,0.05551451756343797,0.026994730558372808
-13.654,0.055448987970782834,0.027330931892912868
-13.552,0.05537746339444116,0.02766330719917805
-13.449,0.05529854515604283,0.027998335238995687
-13.347,0.05521377039915287,0.028329472725538554
-13.244,0.05512148273448925,0.028663174190923374
-13.141,0.055022487637646084,0.02899615134504467
-13.039,0.05491785147131083,0.029325143996670057
-12.936,0.054805531551802525,0.029656564739308312
-12.833,0.05468653134832553,0.029987145890012383
-12.731,0.054562114162058556,0.03031365235247535
-12.628,0.05442985258093529,0.030642448154262432
-12.526,0.05429232780136607,0.03096711141727126
-12.423,0.05414685747801931,0.03129397018600885
-12.32,0.05399477304343836,0.031619798674275584
-12.218,0.05383766318938889,0.03194141110587716
-12.115,0.05367246465638496,0.032265075997065955
-12.012,0.053500704240770316,0.03258759723509046
-11.91,0.05332416396711334,0.03290582313074479
-11.807,0.05313940267108759,0.03322595615452614
-11.704,0.05294814101700622,0.033544833228341585
-11.602,0.052752352504704086,0.03385934006931776
-11.499,0.05254822160927804,0.0341756066466013
-11.397,0.05233973619661181,0.03448745565832649
-11.294,0.05212283379910407,0.03480096527510272
-11.191,0.051899553919050254,0.03511303481593872
-11.089,0.05167218411520699,0.035420619563060474
-10.986,0.05143629463668475,0.03572971460101409
-10.883,0.0511941135295572,0.03603726107655568
-10.781,0.05094811355699758,0.03634026032304416
-10.678,0.05069350262916443,0.03664461810255362
-10.575,0.050432694844870785,0.03694732060960936
-10.473,0.05016834533365863,0.037245418379587045
-10.37,0.04989530512428329,0.037544721717852114
-10.268,0.04961891082334765,0.037839384836236875
-10.165,0.04933377919925029,0.03813515116056759
-10.062,0.04904262799292189,0.03842908892164357
-9.96,0.04874840908030227,0.03871833743740507
-9.857,0.048445392556133934,0.03900853471545251
-9.754,0.04813647429455273,0.03929680235028186
-9.652,0.0478247797205736,0.03958033695864353
-9.549,0.04750423904058633,0.039864665319463366
-9.447,0.047181118566402835,0.04014423447159638
-9.344,0.046849126278301734,0.04042449400983874
-9.241,0.04651144699032181,0.04070266104408822
-9.139,0.04617148671396247,0.04097603404682011
-9.036,0.045822625904789395,0.04124994202244085
-8.933,0.04546821779632601,0.04152166329118985
-8.831,0.04511183138501918,0.04178856120331523
-8.728,0.04474652764475818,0.042055838757850475
-8.625,0.04437582414158831,0.04232083828802638
-8.523,0.04400344846505178,0.042580990712200686
-8.42,0.043622150601326945,0.042841367774966777
-8.318,0.04323938601100771,0.04309688504921632
-8.215,0.04284770261630993,0.04335252409496426
-8.112,0.04245088199260211,0.043605739854323707
-8.01,0.04205290552558192,0.04385408150983265
-7.907,0.04164602526394989,0.04410239101731465
-7.804,0.04123417510294185,0.04434819437631571
-7.702,0.040821482238547445,0.04458911505279525
-7.599,0.04039991247897755,0.04482985063550238
-7.497,0.039977709464913,0.04506570102695686
-7.394,0.03954665402538972,0.04530126518457644
-7.291,0.039110922761340816,0.04553419289274227
-7.189,0.038674874134043025,0.045762236475174974
-7.086,0.038230019661369866,0.04598984303270469
-6.983,0.03778067472667513,0.04621473976345417
-6.881,0.03733132936243484,0.04643475926166782
-6.778,0.03687323644616006,0.04665419255405304
-6.675,0.03641084470035808,0.046870846443128805
-6.573,0.03594877004147774,0.04708263583636544
-6.47,0.035478017738306555,0.04729369168734216
-6.368,0.03500779395214074,0.047499894762091335
-6.265,0.03452894543234579,0.04770526736620444
-6.162,0.03404613040342127,0.047907753447820285
-6.06,0.033564161355304704,0.04810540923056371
-5.957,0.033073656559000256,0.048302090790239845
-5.854,0.03257939218014394,0.04849582696217905
-5.752,0.032086290599559246,0.048684761149067265
-5.649,0.031584753521725115,0.04887257981375752
-5.546,0.031079668968045433,0.049057398441866976
-5.444,0.030576062923313076,0.049237449214103966
-5.341,0.030064132735450895,0.04941624583961801
-5.239,0.02955389034902835,0.04959030053359202
-5.136,0.029035404001954247,0.049763010404022756
-5.033,0.02851373409724387,0.04993263883516881
-4.931,0.027994064843393354,0.050097569075834486
-4.828,0.027466281070675592,0.050261020802179035
-4.725,0.026935538087451034,0.05042134813317155
-4.623,0.026407106279522943,0.05057702672488672
-4.52,0.025870699984002973,0.05073109635313754
-4.418,0.025336810032741443,0.05088055329316182
-4.315,0.024795044557412098,0.051028316341875254
-4.212,0.024250702216689193,0.05117289355055309
-4.11,0.02370918187185712,0.051312916900101396
-4.007,0.023159943170963027,0.051451121756368914
-3.904,0.02260836181073001,0.051586110055480444
-3.802,0.022059904578887894,0.05171660885930818
-3.699,0.02150389612181885,0.0518451683377496
-3.596,0.020945782273343296,0.05197048524398269
-3.494,0.020391090727566015,0.052091382470004076
-3.391,0.019829024787427506,0.05221022349519527
-3.289,0.0192705772025826,0.0523246942841645
-3.186,0.01870487815993417,0.05243703336395607
-3.083,0.01813747474830194,0.052546097105346974
-2.981,0.01757398031534175,0.0526508692940397
-2.878,0.017003426789232577,0.05275339988455606
-2.775,0.016431412579508774,0.05285264186685343
-2.673,0.015863592874175908,0.05294767616272516
-2.57,0.015288915370394854,0.05304036339231122
-2.467,0.01471302261147233,0.05312975358111219
-2.365,0.014141604371020428,0.05321502501506394
-2.262,0.013563538243274713,0.05329784849614676
-2.16,0.012990129751816591,0.05337661515968171
-2.057,0.012410217702497662,0.05345286933691
-1.954,0.011829502053762474,0.053525823210050644
-1.852,0.011253713979323187,0.053594817349333745
-1.749,0.010671645879198218,0.05366120608188284
-1.646,0.010089022457993896,0.05372429903471562
-1.544,0.009511589976602907,0.05378353404704969
-1.441,0.008928108721528105,0.05384007570296183
-1.339,0.00834998986747612,0.053892829708055735
-1.236,0.007765980260841889,0.05394283463873794
-1.133,0.007181829547351744,0.053989562108790135
-1.031,0.006603292814559959,0.05403261123156658
-0.928,0.006019108640070021,0.05407283189514819
-0.825,0.0054350318566825755,0.05410979254468637
-0.723,0.004856813071583631,0.054143188446028036
-0.62,0.004273196898794998,0.05417368180283195
-0.517,0.0036899360186663267,0.05420093739849095
-0.415,0.003112769241730807,0.05422474597110315
-0.312,0.002530461489419571,0.054245583320093785
-0.21,0.0019544004348807393,0.05426305420236807
-0.107,0.0013733723997263999,0.05427751119435835
-0.004,0.0007931102346823843,0.05428877805827364
0.098,0.00021931694791144183,0.054296802657188135
0.201,-0.00035917719549454635,0.05430175390309893
0.304,-0.0009366609536661692,0.054303549888829086
0.406,-0.0015074624396365262,0.05430223145096129
0.509,-0.0020826933684267085,0.05429778584238738
0.612,-0.0026566713347622346,0.05429022447681292
0.714,-0.0032237627251688423,0.05427967997413879
0.817,-0.0037950072697754103,0.054265960199923205
0.919,-0.004359234438967524,0.05424934648184364
1.022,-0.004927428374344533,0.05422952867680454
1.125,-0.005493970589260117,0.054206671018589954
1.227,-0.006053306901485136,0.05418105599271542
1.33,-0.0066163265111114835,0.05415219843358574
1.433,-0.007177458733367788,0.05412035253759839
1.535,-0.007731206355808153,0.05408588874762259
1.638,-0.008288350069349295,0.05404814983784643
1.74,-0.008837995817767983,0.05400788736579565
1.843,-0.00939084464028641,0.05396433135055623
1.946,-0.00994142090115014,0.05391788242629607
2.048,-0.010484337420819282,0.053869053759074484
2.151,-0.011030164553856308,0.053816908794806
2.254,-0.01157349283684367,0.0537619338352657
2.356,-0.012109010065453028,0.053704725265126374
2.459,-0.012647142881271452,0.05364418357450707
2.562,-0.013182554691945892,0.053580878890021
2.664,-0.013710014806216971,0.05351548881303893
2.767,-0.014239793362100642,0.053446754730199775
2.869,-0.014761532622578653,0.05337603494895798
2.972,-0.015285391595123737,0.053301967207232084
3.075,-0.015806169598831764,0.05322525682996268
3.177,-0.01631878585656142,0.05314671193163817
3.28,-0.016833222146686547,0.05306481806662948
3.383,-0.017344367899513706,0.05298035888779061
3.485,-0.01784724060124814,0.05289421782757042
3.588,-0.018351632734514865,0.05280473270224787
3.69,-0.018847683984621926,0.05271366798293168
3.793,-0.019345054302537308,0.05261926572106127
3.896,-0.019838796915092823,0.052522434935054985
3.998,-0.02032410622050239,0.052424179097964776
4.101,-0.020810433459638577,0.05232260038740226
4.204,-0.021292938174476056,0.0522186798560501
4.306,-0.02176692865647633,0.05211348963599377
4.409,-0.022241636218168822,0.0520049970156276
4.512,-0.022712332493777757,0.051894252530621514
4.614,-0.02317444520938638,0.05178239429416466
4.717,-0.023636974879357314,0.051667259876969816
4.819,-0.024090881316584142,0.05155111569534984
4.922,-0.024545005573345418,0.051431715936553796
5.025,-0.024994818321453394,0.05131022094122695
5.127,-0.02543595800222015,0.05118787253013371
5.23,-0.02587701758061213,0.05106230417713796
5.333,-0.026313594329572587,0.0509347384433463
5.435,-0.02674145995515894,0.050806475560508074
5.538,-0.027168949468483396,0.05067503391456274
5.641,-0.027591791830369278,0.05054169540261512
5.743,-0.028005896825997426,0.05040781567939402
5.846,-0.028419332048694547,0.050270803821156146
5.948,-0.02882401899511427,0.050133354237546994
6.051,-0.02922784222799383,0.04999280652358581
6.154,-0.029626760775976663,0.04985053478871454
6.256,-0.030016924508377483,0.0497079801711177
6.359,-0.030405935736729863,0.04956238289220407
6.462,-0.030789897712586882,0.04941516833366464
6.564,-0.031165110150645558,0.04926782475044445
6.667,-0.03153888478372034,0.049117499126297065
6.769,-0.031903919927124345,0.04896714621711904
6.872,-0.03226732951335515,0.04881385440729282
6.975,-0.03262546644107153,0.048659127452310894
7.077,-0.03297488876028215,0.04850452489027586
7.18,-0.03332240695463699,0.04834705233760727
7.283,-0.03366452909446761,0.048188256292212836
7.385,-0.03399797320001784,0.04802973468785139
7.488,-0.03432923919655703,0.047868416791012364
7.591,-0.03465499400194747,0.04770588854311211
7.693,-0.034972118961109126,0.04754378291665121
7.796,-0.03528679680656232,0.047378959331734964
7.898,-0.03559288326948093,0.04721465584380777
8.001,-0.03589634652445438,0.0470476890261811
8.104,-0.03619412556090722,0.04687970307387985
8.206,-0.036483380523021164,0.046712381768616654
8.309,-0.036769752420807086,0.0465424828285017
8.412,-0.0370503476880262,0.046371680894038335
8.514,-0.037322497506013894,0.0462016856708242
8.617,-0.03759151039321343,0.046029202697422666
8.72,-0.03785466299001748,0.04585593362425132
8.822,-0.03810945993662075,0.0456836106158302
8.925,-0.03836087243644801,0.045508893750082616
9.027,-0.038603995170493885,0.04533521408932014
9.13,-0.038843572407635855,0.04515920519380291
9.233,-0.039077169711943915,0.04498260601399351
9.335,-0.03930258529753348,0.044807178390804836
9.438,-0.03952421921781262,0.04462952167877064
9.541,-0.03973981333691497,0.04445139258265853
9.643,-0.039947344495419354,0.04427456610744814
9.746,-0.04015086507662996,0.04409561417836713
9.848,-0.040346407578311316,0.043918050180329564
9.951,-0.040537791321632835,0.04373843153853384
10.054,-0.040723055681539194,0.04355853677737363
10.156,-0.040900478100762604,0.04338015508014761
10.259,-0.04107352563477167,0.04319982772297983
10.362,-0.04124041816693888,0.04301934167821482
10.464,-0.04139961503117043,0.042840490004998774
10.567,-0.041554228957835185,0.042659804579560694
10.67,-0.04170266142433453,0.04247907734157394
10.772,-0.0418435543849006,0.04230010176704363
10.875,-0.04197966471244792,0.042119407049359486
10.977,-0.04210834482745691,0.04194053974615697
11.08,-0.0422321141601973,0.041760030967192246
11.183,-0.04234967832382731,0.04157967324361675
11.285,-0.04245998432546699,0.041401253133603225
11.388,-0.04256519435711538,0.04122131014829985
11.491,-0.04266419719650996,0.04104163260014125
11.593,-0.04275612309080608,0.040863998375069564
11.696,-0.0428427768673368,0.040684961959024
11.799,-0.04292323056106104,0.04050630405143392
11.901,-0.04299679739644091,0.04032979052269736
12.004,-0.04306492523523584,0.04015199733148558
12.106,-0.043126297499051544,0.039976413123391244
12.209,-0.04318212493790612,0.03979963170836145
12.312,-0.04323178429076435,0.03962341367585713
12.414,-0.04327489223558528,0.03944949758794759
12.517,-0.043312304381294506,0.03927450935124439
12.62,-0.04334357965493732,0.03910019309497689
12.722,-0.04336851570468955,0.03892826669248255
12.825,-0.043387614784480784,0.038755394387482496
12.927,-0.04340052014286346,0.03858496758039186
13.03,-0.04340750008901098,0.038413679433224546
13.133,-0.04340841489270006,0.03824323952492999
13.235,-0.04340336074826952,0.03807532431542618
13.338,-0.043392256720704646,0.03790667543192379
13.441,-0.043375142309806214,0.03773897752604858
13.543,-0.04335229080590642,0.03757387812987916
13.646,-0.043323275170779954,0.037408173239107154
13.749,-0.04328831254673511,0.037243519521885815
13.851,-0.04324785139657863,0.03708153262525569
13.954,-0.04320112221677652,0.03691906867036812
14.056,-0.04314905683098661,0.03675931390412652
14.159,-0.04309066005398635,0.03659916758051981
14.262,-0.04302644069062399,0.03644023317857198
14.364,-0.04295713402015423,0.03628406689661424
14.467,-0.04288140953395963,0.0361276373497729
14.57,-0.04279994820873159,0.03597251226479932
14.672,-0.042713654155790814,0.035820208484111826
14.775,-0.04262086646738987,0.03566776930051572
14.877,-0.04252341844638764,0.03551818359705159
14.98,-0.0424194322359857,0.03536854722781467
15.083,-0.0423098698992184,0.035220362295212665
15.185,-0.04219591037486327,0.035075074293750924
15.288,-0.042075354638538474,0.03492986219854405
15.391,-0.04194932971602404,0.03478618521880629
15.493,-0.04181917534448405,0.03464544269707237
15.596,-0.04168237747589752,0.03450490153627784
15.699,-0.041540224964931705,0.034365975554758364
15.801,-0.04139421491743957,0.03423001558608476
15.904,-0.041241524843327396,0.034094381059878734
16.006,-0.041085160317874334,0.03396173021973953
16.109,-0.0409220974150348,0.033829486522428405
16.212,-0.040753886963312454,0.033698982929461115
16.314,-0.040582279978945715,0.033571484552166485
16.417,-0.04040395599477956,0.033444514549030045
16.52,-0.04022061822937107,0.03331935436375524
16.622,-0.040034164880881754,0.033197214874604385
16.725,-0.03984098662909064,0.03307572294533497
16.828,-0.03964293515261459,0.03295610641473594
16.93,-0.03944205163742039,0.03283952000174916
17.033,-0.03923444598904359,0.03272369804126196
17.135,-0.039024198246857954,0.032610909110646666
17.238,-0.03880723610154781,0.03249896104295085
17.341,-0.03858564923676355,0.03238898809199283
17.443,-0.0383617071689214,0.03228204750739578
17.546,-0.038131071099141725,0.03217606031861524
17.649,-0.03789596773018827,0.032072102215608134
17.751,-0.037658797469272504,0.03197116978167811
17.854,-0.03741496407754904,0.031871300340733905
17.956,-0.03716925625830574,0.03177444878048716
18.059,-0.03691691160696759,0.03167873141695686
18.162,-0.03666037467305951,0.03158512285938255
18.264,-0.03640225300460942,0.03149451550436173
18.367,-0.036137542568007414,0.031405146537566285
18.47,-0.03586881220136413,0.03131792797691861
18.572,-0.03559878703209477,0.031233688006668515
18.675,-0.03532223130686128,0.0311507870688739
18.778,-0.03504183307520737,0.03107007333149818
18.88,-0.03476042976952385,0.03099230969486401
18.983,-0.03447256411805093,0.030915981967777662
19.085,-0.03418388590158268,0.030842582153786886
19.188,-0.03388879619967128,0.03077068053546095
19.291,-0.03359016994218938,0.03070101652496734
19.393,-0.03329101953260878,0.030634242301793596
19.496,-0.03298554212422419,0.03056905640478915
19.599,-0.03267671761097193,0.03050613174026132
19.701,-0.032367655986127855,0.030446053060483303
19.804,-0.0320523613706804,0.030387648513637712
19.907,-0.031733913035711284,0.030331523772209722
20.009,-0.03141551282435668,0.030278195629931837
20.112,-0.031090982945895122,0.030226622906888455
20.214,-0.03076668982713849,0.030177810868710526
20.317,-0.030436340867068992,0.030130805753329323
20.42,-0.030103168141007434,0.030086100039126328
20.522,-0.0297705134535744,0.03004409656002293
20.625,-0.029431921266820656,0.030003973343644345
20.728,-0.029090707592552167,0.029966154427087055
20.83,-0.028750290298767273,0.029930974010544294
20.933,-0.02840406254359549,0.029897742187627745
21.035,-0.02805881459657901,0.029867103577238173
21.138,-0.027707845436586366,0.02983845618045149
21.241,-0.02735459758378151,0.029812109727803942
21.343,-0.027002602072488602,0.029788284240622777
21.446,-0.026645026292541563,0.029766509584080725
21.549,-0.026285380608440094,0.029747026922968794
21.651,-0.0259272557726639,0.029729988059450683
21.754,-0.02556369959438735,0.02971505420290161
21.857,-0.02519828411587574,0.02970239818758251
21.959,-0.024834653570657648,0.029692104034342165
22.062,-0.024465748300379512,0.029683963477572364
22.164,-0.02409880109227094,0.02967812768452871
22.267,-0.023726687516123685,0.02967447466374183
22.37,-0.023353068510244053,0.02967306437924671
22.472,-0.02298166343179654,0.029673869345259684
22.575,-0.0226052607370966,0.029676896068003597
22.678,-0.0222275663639442,0.029682137560170994
22.78,-0.021852336350089624,0.029689500471544606
22.883,-0.02147228433346037,0.0296991181927186
22.985,-0.021094860169279007,0.029710792576954557
23.088,-0.02071273452900372,0.029724740427425095
23.191,-0.020329674266703197,0.02974084509110464
23.293,-0.01994948244050355,0.029758905805207982
23.396,-0.019564775442321193,0.029779262916198194
23.499,-0.019179348251062274,0.029801735285144487
23.601,-0.018797023704713176,0.029826059279242742
23.704,-0.018410376250644157,0.029852696393730553
23.807,-0.01802322265114562,0.02988140220502883
23.909,-0.01763939919756595,0.029911851606448284
24.012,-0.017251450706141938,0.029944624559709025
24.114,-0.016866979905023033,0.02997906729875547
24.217,-0.01647851869409253,0.03001583700788222
24.32,-0.016089906072214888,0.030054586926166353
24.422,-0.015704986762484826,0.030094893051297655
24.525,-0.015316283441073988,0.03013752593779871
24.628,-0.014927640063098355,0.030182079462490925
24.73,-0.014542898083005771,0.030228072578048364
24.833,-0.014154583112684985,0.030276385779063556
24.936,-0.013766537808393,0.030326555316002188
25.038,-0.013382594164442202,0.030378045016618394
25.141,-0.012995292794355554,0.03043184161345307
25.243,-0.012612221904460512,0.030486877440542865
25.346,-0.012225938726469772,0.030544207757184687
25.449,-0.011840269999754535,0.03060327706570776
25.551,-0.01145901838482373,0.030663462010870324
25.654,-0.011074775952298688,0.030725917334947325
25.757,-0.010691351725733836,0.030790035220088288
25.859,-0.010312522721112452,0.03085514296450114
25.962,-0.009930927571534288,0.03092249039418731
26.064,-0.00955404135125441,0.03099074287717445
26.167,-0.009174540103608384,0.031061210963924106
26.27,-0.008796189988903903,0.03113320472247054
26.372,-0.00842271220497262,0.031205974663007004
26.475,-0.008046848514351574,0.031280918541374846
26.578,-0.00767233146348748,0.031357300353425474
26.68,-0.007302841028938833,0.031434327951040085
26.783,-0.006931195942513542,0.031513481246326275
26.886,-0.0065610893430018994,0.031593980736406096
26.988,-0.006196154334434859,0.03167499434407553
27.091,-0.00582929765779705,0.03175807885867765
27.193,-0.0054677038150538985,0.03184158927610458
27.296,-0.005104344132818085,0.03192713051831883
27.399,-0.004742833546245552,0.03201385666576764
27.501,-0.004386714870106802,0.032100875500717205
27.604,-0.004029065315245108,0.03218985954177948
27.707,-0.0036734455127349097,0.032279926801227814
27.809,-0.003323336944206702,0.03237015295014784
27.912,-0.0029719331018577522,0.03246227225313375
28.015,-0.002622734954304203,0.03255536964358899
28.117,-0.002279157475240173,0.03264849180483371
28.22,-0.0019345205645066544,0.032743428698894114
28.322,-0.0015955716191981093,0.03283830104836716
28.425,-0.0012557201466776948,0.03293493244081779
28.528,-0.0009183562269610944,0.0330323596266297
28.63,-0.0005867729791186487,0.03312958820015966
28.733,-0.0002545225414789603,0.03322848695897906
28.836,7.507825358201272e-05,0.03332806803188735
28.938,0.0003988158407012576,0.03342731680786638
29.041,0.0007229861202401513,0.03352814076634694
29.143,0.001041243931965133,0.03362854379216551
29.246,0.0013597790208262194,0.03373045541254456
29.349,0.0016754071562032763,0.0338328542069991
29.451,0.0019850573847072445,0.03393469960956301
29.554,0.0022947526771976453,0.03403794860401257
29.657,0.002601394506202788,0.034141564239955215
29.759,0.0029020033209314986,0.03424449511243559
29.862,0.003202426883127765,0.0343487187285497
29.965,0.0034996567222923113,0.03445318616139921
30.067,0.0037908088006965617,0.03455683880972733
30.17,0.004081547595167904,0.03466166763910632
30.272,0.004366184596014413,0.03476559602134946
30.375,0.004650257994360678,0.03487061990415634
30.478,0.004930918479849123,0.034975678485230956
30.58,0.00520544970088086,0.035079709426752786
30.683,0.005479193941764353,0.03518471010699445
30.786,0.005749402638463735,0.0352896175398526
30.888,0.006013464955467981,0.03539337218341235
30.991,0.006276520207665131,0.03549796548776161
31.094,0.006535924227228692,0.0356023360599914
31.196,0.006789175074322424,0.035705430991073046
31.299,0.007041202430882786,0.03580922835586685
31.401,0.00728707779155653,0.03591166970925905
31.504,0.0075315878170549855,0.03601472005798148
31.607,0.007772269764795546,0.03611732917117369
31.709,0.008006809997607701,0.03621846380642607
31.812,0.008239775355303793,0.03632006302900081
31.915,0.008468816207011242,0.03642108848041398
32.017,0.008691735776915292,0.03652052394927556
32.12,0.00891287552752865,0.036620274937501966
32.222,0.0091279131778545,0.036718360826155094
32.325,0.009341037314186326,0.03681666053171344
32.428,0.009550092979774223,0.03691416417788122
32.53,0.009753083670305102,0.037009892687686355
32.633,0.009953964296950507,0.0371056786314126
32.736,0.010150700190733412,0.037200534495516455
32.838,0.010341418099700055,0.03729350878241665
32.941,0.01052983486278709,0.037386380009592775
33.044,0.010714038379638437,0.03747818699094194
33.146,0.01089228062985859,0.03756800977872475
33.249,0.011068036428507944,0.03765756512285993
33.351,0.011237874028843412,0.0377450702034502
33.454,0.011405105189721558,0.03783219638450236
33.557,0.011568026400153263,0.037918035143841164
33.659,0.011725101986692967,0.03800172788492909
33.762,0.011879396103483306,0.03808487137182513
33.865,0.012029332762858124,0.038166593987333484
33.967,0.01217350565989475,0.03824607923462853
34.07,0.012314728600078904,0.038324841604945016
34.172,0.012450247317146612,0.03840130834908967
34.275,0.012582707693182208,0.03847693496473833
34.378,0.01271074920142128,0.03855092006830278
34.48,0.01283318338152685,0.0386225259855356
34.583,0.012952402215257161,0.03869311325583383
34.686,0.013067175988987247,0.038761927891255314
34.788,0.01317644807100116,0.038828284717589354
34.891,0.013282355024284457,0.03889344177758481
34.994,0.013383798748554353,0.0389566963662131
35.096,0.013479854928606521,0.03901741964658834
35.199,0.013572403651519228,0.03907675970067825
35.301,0.013659645403158777,0.03913352245470358
35.404,0.013743289205331669,0.03918877870750082
35.507,0.013822457303210422,0.03924191969666536
35.609,0.013896446205871167,0.03929241881195115
35.712,0.013966707721182133,0.039341224658918685
35.815,0.014032496681126324,0.03938778992245733
35.917,0.014093242054947462,0.039431654318457625
36.02,0.014150138605210937,0.03947363705553093
36.123,0.014202573682252034,0.03951325598621657
36.225,0.014250108338224486,0.03955012079137166
36.328,0.014293680915198744,0.03958491419984098
36.43,0.014332452406022026,0.03961692128685022
36.533,0.014367191052850047,0.03964673008160292
36.636,0.014397504137868652,0.03967397506992065
36.738,0.014423171240462853,0.039698390352591914
36.841,0.014444706226572174,0.039720415983866234
36.944,0.014461847570720061,0.039739761220029195
37.046,0.014474504798097077,0.03975623947166395
37.149,0.014482939221478726,0.039770136117501215
37.251,0.014487000855628068,0.0397811444107535
37.354,0.014486784145673393,0.039789443147436765
37.457,0.014482243921598978,0.03979487377496617
37.559,0.014473503327608987,0.039797389203897894
37.662,0.014460408267570293,0.0397970027673044
37.765,0.014443041805972253,0.03979363973495325
37.867,0.014421653289028847,0.03978734106396964
37.97,0.014395843063616897,0.03977794839058648
38.073,0.014365820908979112,0.039765474037126075
38.175,0.014331960567127792,0.03975005010514939
38.278,0.014293620235475497,0.03973134049608892
38.38,0.014251567002709723,0.03970967567500244
38.483,0.014204999989032598,0.039684598000462555
38.586,0.014154336063691073,0.03965627168642572
38.688,0.014100151575041036,0.03962498722765664
38.791,0.014041410087292474,0.03959009965574819
38.894,0.013978650077695066,0.039551868346270384
38.996,0.013912566447354651,0.03951068265903205
39.099,0.013841891699989594,0.03946570483571292
39.202,0.0137672836212268,0.03941729225177823
39.304,0.013689553100611254,0.03936593581184213
39.407,0.013607206468003721,0.03931059973936103
39.509,0.013521873459137216,0.03925233058032809
39.612,0.013431912762712578,0.039189957982320466
39.715,0.013338175232180813,0.039124008522170496
39.817,0.013241658726830665,0.03905514784044514
39.92,0.013140504740653647,0.03898199940553499
40.023,0.013035676333321033,0.03890519476246877
40.125,0.012928279580108889,0.03882550761065853
40.228,0.012816244657523315,0.038741350683255696
40.33,0.012701783179108694,0.03865433416123722
40.433,0.012582688102523614,0.03856272812226584
40.536,0.012460102597532333,0.03846734415197746
40.638,0.01233530568132937,0.03836914073219428
40.741,0.012205889554762414,0.03826617021751443
40.844,0.012073101162399284,0.03815935518879505
40.946,0.011938318693058133,0.03804976771718444
41.049,0.011798940373953464,0.03793523861288299
41.152,0.011656313442569743,0.03781680345292483
41.254,0.011511911563773678,0.03769564970261541
41.357,0.011362946090194906,0.03756938309659854
41.459,0.011212352318621421,0.037440437525548646
41.562,0.011057221305136878,0.03730626710623315
41.665,0.010899059164014381,0.03716809965835573
41.767,0.010739489965337457,0.03702731843535105
41.87,0.01057543037793944,0.03688114726064179
41.973,0.010408476748591713,0.036730931549312305
42.075,0.010240338040291992,0.03657817400216701
42.178,0.010067764406436919,0.036419865425879466
42.281,0.009892438380702877,0.0362574702705467
42.383,0.009716149595792967,0.03609261191132361
42.486,0.009535489824100572,0.03592204572931149
42.588,0.00935401525975994,0.0357490723562661
42.691,0.009168216890436391,0.03557028929996122
42.794,0.008979911454933728,0.03538736203121725
42.896,0.008791013236123198,0.035202117194234
42.999,0.008597868929885172,0.03501091357232185
43.102,0.008402370034602966,0.03481553871456598
43.204,0.008206499654236166,0.03461794239841343
43.307,0.008006468950346426,0.03441424313829231
43.409,0.007806213467331399,0.03420838993730654
43.512,0.0076018591124950765,0.03399634069823434
43.615,0.007395411849153465,0.03378008807390027
43.717,0.00718895905489297,0.03356178820227786
43.82,0.006978506133148501,0.03333715688503795
43.923,0.006766121566946366,0.033108310702587
44.025,0.006553948973228004,0.03287753017068843
44.128,0.006337882514789887,0.03264028834002991
44.231,0.006120048426018834,0.032398826096206736
44.333,0.005902641687880702,0.03215554847957042
44.436,0.005681454644097146,0.031905685481332074
44.538,0.005460836940138188,0.031654089602255464
44.641,0.005236518442928773,0.031395829055164116
44.744,0.005010710771499216,0.031133352129299553
44.846,0.0047856834475644245,0.030869271117563844
44.949,0.004557080515263046,0.030598411423435026
45.052,0.004327158255506105,0.03032334578939855
45.154,0.004098224237701457,0.030046810558957426
45.257,0.003865846440708953,0.02976338893775693
45.359,0.0036345933542204552,0.029478590311142458
45.462,0.003399987784413388,0.029186837191679953
45.565,0.003164349216803504,0.02889090892327963
45.667,0.0029300372753473464,0.02859374725867414
45.77,0.0026925151509327606,0.028289534302481413
45.873,0.0024541334870724356,0.027981172737632246
45.975,0.0022172763111457374,0.027671726626724534
46.078,0.00197735716452457,0.027355139204508907
46.181,0.0017367527116808937,0.027034435747748678
46.283,0.0014978662162929354,0.02671280164893734
46.386,0.0012560715807778554,0.026383943158252526
46.488,0.0010161210757135984,0.026054259166826868
46.591,0.0007733677830489773,0.025717299407151263
46.694,0.0005302202424217264,0.02537629120855649
46.796,0.00028910225902200465,0.025034619391810342
46.899,4.534399914676336e-05,0.024685600612619096
47.002,-0.00019863376243002984,0.024332581937843253
47.104,-0.00044040178980328006,0.02397906604046188
47.207,-0.0006846427916288741,0.02361813930361179
47.31,-0.0009289289377086493,0.02325326713583112
47.412,-0.001170830725919279,0.0228880684360507
47.515,-0.0014150337212815315,0.022515402459778035
47.617,-0.0016567393548045633,0.02214252583045083
47.72,-0.001900629558497565,0.021762148540649257
47.823,-0.002144276216990001,0.021377929533765005
47.925,-0.0023852607839425404,0.02099367721387268
48.028,-0.0026282514591321783,0.020601880432030973
48.131,-0.002870826803192752,0.02020631190074023
48.233,-0.003110581634678593,0.01981089107420713
48.336,-0.003352160549738272,0.019407889698966712
48.438,-0.0035908171360013834,0.01900515842957437
48.541,-0.003831174850342299,0.01859482691015358
48.644,-0.004070834665154732,0.018180852755778996
48.746,-0.004307424813073252,0.017767335305128175
48.849,-0.004545528909574116,0.017346194545469127
48.952,-0.0047827680857109485,0.016921496077144795
49.054,-0.005016797235958629,0.016497443923047077
49.157,-0.005252150536302132,0.016065753311300734
49.26,-0.005486474235076094,0.015630595354263564
49.362,-0.0057174547560596214,0.01519627607421718
49.465,-0.005949567371918537,0.014754311150697625
49.567,-0.006178252287241448,0.014313314332749225
49.67,-0.006407940397592699,0.013864671522919866
49.773,-0.006636330605081531,0.013412723646634395
49.875,-0.006861172433704507,0.012961940230622707
49.978,-0.007086822456690289,0.012503516984740635
50.081,-0.007311017554646609,0.012041892974995683
50.183,-0.007531551343727983,0.011581631813658148
50.286,-0.007752697050683606,0.011113745030474803
50.389,-0.007972234201314096,0.010642766784096506
50.491,-0.00818800503854734,0.010173351529901887
50.594,-0.008404190613214655,0.009696332917683584
50.696,-0.008616544458843913,0.00922101134484448
50.799,-0.00882918148428915,0.008738105697231102
50.902,-0.009039962330920212,0.008252301351669345
51.004,-0.009246819998208256,0.007768396486764738
51.107,-0.009453762987457119,0.00727694321839065
51.21,-0.009658706517534053,0.0067827131777560366
51.312,-0.009859643743836242,0.00629058605702865
51.415,-0.010060468525132402,0.005790954228650693
51.517,-0.010257236352307632,0.0052935611368877065
51.62,-0.010453760337841612,0.0047886968527839305
51.723,-0.010648056005921754,0.004281268678154274
51.825,-0.010838225727438538,0.003776283698012025
51.928,-0.011027954818430875,0.003263884507348585
52.031,-0.011215324457809582,0.0027490548511270585
52.133,-0.011398507776581926,0.002236873069202245
52.236,-0.011581054757035133,0.0017173419686536545
52.339,-0.0117611161391955,0.0011955178242279724
52.441,-0.011936939526350268,0.0006765461617252635
52.544,-0.01211193231622734,0.00015029791839650183
52.646,-0.012282657572489654,-0.00037296184465564555
52.749,-0.012452423918583786,-0.0009034454632406413
52.852,-0.012619506224936926,-0.0014359848656592695
52.954,-0.01278228395087214,-0.00196533195559191
53.057,-0.012943911728654837,-0.0025018172687478676
53.16,-0.013102743667614353,-0.0030402112017042047
53.262,-0.01325724281841319,-0.003575209849379528
53.365,-0.013410403395578235,-0.004117253468809794
53.467,-0.013559217321453092,-0.004655767329225055
53.57,-0.013706568639055255,-0.005201259922969069
53.673,-0.013850950760833584,-0.005748408805044038
53.775,-0.013990972789382173,-0.00629182704173864
53.878,-0.014129348384486002,-0.0068421183097336444
53.981,-0.01426465871296467,-0.007393910370472935
54.083,-0.014395604371750456,-0.007941772543879264
54.186,-0.014524723114477528,-0.008496394733091765
54.289,-0.014650686735183355,-0.009052359477649524
54.391,-0.01477228995595814,-0.009604197029464325
54.494,-0.01489188945847741,-0.010162674402528991
54.596,-0.015007136289725657,-0.010716894475842459
54.699,-0.015120263929236391,-0.011277670462392924
54.802,-0.01523010099596214,-0.011839519949069104
54.904,-0.015335604309655896,-0.012396918698910358
55.007,-0.01543881849032425,-0.012960741536707194
55.11,-0.015538669533238339,-0.013525473397182719
55.212,-0.015634214459134092,-0.014085563787951684
55.315,-0.015727304856151612,-0.014651939671052331
55.418,-0.015816966274554676,-0.015219058170057606
55.52,-0.015902357852909145,-0.01578134745326238
55.623,-0.015985134361512107,-0.016349777034422773
55.725,-0.016063669920290832,-0.016913254231987494
55.828,-0.016139486395295194,-0.017482771519581747
55.931,-0.016211779449896453,-0.018052750600037474
56.033,-0.016279882011681304,-0.01861759514267673
56.136,-0.016345113697640162,-0.019188323996913205
56.239,-0.016406774553842728,-0.019759344224135247
56.341,-0.016464303735722233,-0.020325051480245375
56.444,-0.016518815884323905,-0.02089648117411078
56.546,-0.01656924007744466,-0.021462481328654567
56.649,-0.01661655321574904,-0.022034092902330337
56.752,-0.016660232285960835,-0.022605709731958655
56.854,-0.016699895845085043,-0.023171725376704134
56.957,-0.016736312179630584,-0.02374318087411182
57.06,-0.01676906601867772,-0.024314468872442523
57.162,-0.016797884767624467,-0.0248799884612282
57.265,-0.016823326462690198,-0.02545077080651762
57.368,-0.016845084448532208,-0.02602121246088389
57.47,-0.016862995571280792,-0.026585723154108325
57.573,-0.016877406395255354,-0.02715531420506431
57.675,-0.01688803331523279,-0.02771886881467371
57.778,-0.016895081670967607,-0.028287379556288853
57.881,-0.016898427074231694,-0.028855260825970543
57.983,-0.01689808938613726,-0.0294169514285657
58.086,-0.016894061364440143,-0.029983407456864772
58.189,-0.01688632851829687,-0.030549060836174768
58.291,-0.016875020678248847,-0.031108374635988666
58.394,-0.01685991790990222,-0.03167225849382292
58.497,-0.016841115706509188,-0.03223516697387403
58.599,-0.01681885367201624,-0.03279159250249582
58.702,-0.016792699487002807,-0.03335238831305592
58.804,-0.016763165924016867,-0.03390660892552375
58.907,-0.0167296796787922,-0.034465064535931
59.01,-0.016692519041351314,-0.03502225872227
59.112,-0.016652105435917164,-0.03557274404994275
59.215,-0.016607654607990543,-0.03612725783507106
59.318,-0.01655955401288028,-0.03668033983642116
59.42,-0.01650833328043287,-0.03722658542599218
59.523,-0.016452998618420242,-0.037776649227559196
59.625,-0.016394635658951388,-0.038319795202847194
59.728,-0.016332112129754883,-0.03886661753495414
59.831,-0.016265995654457865,-0.03941172739378196
59.933,-0.016196993817392556,-0.039949802479339415
60.036,-0.016123768069506255,-0.040491338115048285
60.139,-0.016046992867915957,-0.041030994973374514
60.241,-0.015967480936150125,-0.041563506724942856
60.344,-0.015883689945104595,-0.04209926025454352
60.447,-0.015796399926663193,-0.04263297065105381
60.549,-0.01570652721484463,-0.04315943239376119
60.652,-0.015612328595685954,-0.04368891446202608
60.754,-0.015515652656257416,-0.044211082799691395
60.857,-0.015414624275272983,-0.04473612272389749
60.96,-0.015310195976967114,-0.04525885071059048
61.062,-0.015203452727288338,-0.045774173080617944
61.165,-0.015092324211207644,-0.04629214176251562
61.268,-0.01497786417461444,-0.04680764045276017
61.37,-0.014861256141126072,-0.04731564883981458
61.473,-0.014740238529849932,-0.0478260763595325
61.576,-0.014615964309875565,-0.04833387860299215
61.678,-0.014489713310361134,-0.048834113192590504
61.781,-0.014359036986818263,-0.049336538126829296
61.883,-0.014226500043925241,-0.049831348052409935
61.986,-0.014089532062581994,-0.05032819529961967
62.089,-0.01394944631673189,-0.05082216535992691
62.191,-0.01380767753285219,-0.05130845555333339
62.294,-0.013661476302701106,-0.051796552261969185
62.397,-0.013512248861633358,-0.05228162491912937
62.499,-0.01336151933190093,-0.05275896049837682
62.602,-0.013206364574708633,-0.05323787097363808
62.704,-0.01304982986214027,-0.053709010579165814
62.807,-0.012888879506374523,-0.054181570615871616
62.91,-0.012725068525385064,-0.054650869928724984
63.012,-0.012560063375275602,-0.0551123541072987
63.115,-0.012390664148816484,-0.05557502641053552
63.218,-0.01221851127267195,-0.05603430098041478
63.32,-0.012045352445514343,-0.05648572403181584
63.423,-0.011867829685501393,-0.056938102888870815
63.526,-0.011687665681565856,-0.05738695104905099
63.628,-0.011506686017086425,-0.057827919253606315
63.731,-0.011321381092443055,-0.05826961123187565
63.833,-0.011135388131662467,-0.058703408759862324
63.936,-0.010945100347942584,-0.05913777593090143
64.039,-0.010752370024044082,-0.059568400412477934
64.141,-0.010559144598875043,-0.059991115359954814
64.244,-0.01036167708206684,-0.06041416905852296
64.347,-0.010161892857664834,-0.060833358755185335
64.449,-0.009961807565489322,-0.06124463190238105
64.552,-0.009757541239968984,-0.06165601398773282
64.654,-0.009553103419500386,-0.062059479338978346
64.757,-0.009344529770182006,-0.06246290141114915
64.86,-0.009133859130870009,-0.06286226788434099
64.962,-0.008923212039653567,-0.0632537240946377
65.065,-0.008708503809110533,-0.06364490965997507
65.168,-0.008491836190227989,-0.06403193112282571
65.27,-0.008275387274581242,-0.06441105690083795
65.373,-0.008054959925833185,-0.06478968652261977
65.476,-0.007832714746383852,-0.06516404861432169
65.578,-0.0076108831665322885,-0.06553053769896407
65.681,-0.007385163732930595,-0.06589630725572754
65.783,-0.007159987293061209,-0.0662542233802224
65.886,-0.006930987574420976,-0.06661127262873681
65.989,-0.006700413869305536,-0.06696389371220357
66.091,-0.00647057680188854,-0.06730869748430246
66.194,-0.0062370197905740055,-0.06765241519432627
66.297,-0.006002039597247301,-0.06799161548328173
66.399,-0.005767988442904933,-0.06832304260523006
66.502,-0.005530328100022172,-0.06865316735798595
66.605,-0.005291398343455506,-0.06897869096754494
66.707,-0.0050535884189866175,-0.06929649352795053
66.81,-0.0048122872865954056,-0.06961278055955139
66.912,-0.004572231905144938,-0.06992138562066555
67.015,-0.004328767744557059,-0.07022833515169719
67.118,-0.004084296090171132,-0.07053055666026292
67.22,-0.003841257498323366,-0.07082516145454185
67.323,-0.00359493967277621,-0.07111790338265461
67.426,-0.0033477746195098128,-0.07140584880949996
67.528,-0.003102227374263758,-0.07168625056244916
67.631,-0.0028535370813131643,-0.0719645859486593
67.733,-0.002606585964414928,-0.0722354305455179
67.836,-0.0023565860050113463,-0.07250407557654451
67.939,-0.0021060098212621423,-0.07276782313472878
68.041,-0.0018573525073824586,-0.07302416570003818
68.144,-0.001605793053360784,-0.07327811213130232
68.247,-0.001353822033823407,-0.07352710843834098
68.349,-0.001103946087112135,-0.07376879306405616
68.452,-0.0008513206706746834,-0.07400788946484471
68.555,-0.0005984494394329423,-0.07424198914351177
68.657,-0.0003478456571438075,-0.074468877846524
68.76,-9.465077029264385e-05,-0.07469299093851095
68.862,0.00015616422029681408,-0.07490996411710421
68.965,0.0004094618929707701,-0.07512403967974232
69.068,0.0006627277187121385,-0.07533305447393346
69.17,0.0009134483727874579,-0.07553504207868983
69.273,0.0011664844943372818,-0.07573395300119025
69.376,0.0014193216126365676,-0.07592777290702177
69.478,0.0016694529709312608,-0.07611468536773647
69.581,0.0019217276670429675,-0.076298347351938
69.684,0.002173636244290837,-0.07647689425838898
69.786,0.0024226834681019115,-0.07664866032555734
69.889,0.002673697295300842,-0.07681700759126688
69.991,0.002921749124719741,-0.07697866200520333
70.094,0.003171647530286221,-0.07713678870795439
70.197,0.003420902404569739,-0.07728977402725597
70.299,0.0036670486658537307,-0.07743620415002544
70.402,0.003914857811828142,-0.07757894775980614
70.505,0.004161857935794369,-0.07771654246322801
70.607,0.004405608601728731,-0.07784772601640076
70.71,0.0046508347250654725,-0.07797507020551937
70.812,0.004892720979080654,-0.07809610256699477
70.915,0.005135956038280435,-0.07821319720836536
71.018,0.005378109199017094,-0.07832514415546434
71.12,0.0056167918554731995,-0.07843093353246987
71.223,0.005856630425818098,-0.07853264260719339
71.326,0.006095225422295576,-0.07862921292864757
71.428,0.006330225751487617,-0.07871978579394613
71.531,0.006566186288774254,-0.07880614213852546
71.634,0.006800743565442493,-0.07888737479201013
71.736,0.007031588726236356,-0.07896277574373552
71.839,0.007263195931698057,-0.07903383045645566
71.941,0.007491016685084145,-0.0790991668075265
72.044,0.007719466404512218,-0.0791600742466023
72.147,0.007946252116754385,-0.07921589654518728
72.249,0.008169145617149254,-0.07926617513069315
72.352,0.008392466632713714,-0.07931190618695748
72.455,0.008613970708029012,-0.07935258323899987
72.557,0.008831484112510233,-0.07938789625399721
72.66,0.009049222098483509,-0.07941854993493117
