rotation_angle_deg,delta_alpha_deg,beta_deg
-69.795000,2.864789,-2.864789
-69.692000,2.860724,-2.860713
-69.589000,2.856660,-2.856637
-69.487000,2.852595,-2.852562
-69.384000,2.848530,-2.848486
-69.282000,2.844466,-2.844410
-69.179000,2.840401,-2.840334
-69.076000,2.836336,-2.836258
-68.974000,2.832272,-2.832182
-68.871000,2.828207,-2.828107
-68.768000,2.824142,-2.824031
-68.666000,2.820078,-2.819955
-68.563000,2.816013,-2.815879
-68.461000,2.811948,-2.811803
-68.358000,2.807884,-2.807727
-68.255000,2.803819,-2.803652
-68.153000,2.799754,-2.799576
-68.050000,2.795690,-2.795500
-67.947000,2.791625,-2.791424
-67.845000,2.787560,-2.787348
-67.742000,2.783496,-2.783273
-67.639000,2.779431,-2.779197
-67.537000,2.775366,-2.775121
-67.434000,2.771302,-2.771045
-67.332000,2.767237,-2.766969
-67.229000,2.763172,-2.762893
-67.126000,2.759104,-2.758815
-67.024000,2.755035,-2.754737
-66.921000,2.750966,-2.750659
-66.818000,2.746898,-2.746581
-66.716000,2.742829,-2.742502
-66.613000,2.738760,-2.738424
-66.510000,2.734692,-2.734346
-66.408000,2.730623,-2.730268
-66.305000,2.726554,-2.726189
-66.203000,2.722486,-2.722111
-66.100000,2.718417,-2.718033
-65.997000,2.714348,-2.713955
-65.895000,2.710280,-2.709877
-65.792000,2.706211,-2.705798
-65.689000,2.702142,-2.701720
-65.587000,2.698074,-2.697642
-65.484000,2.694005,-2.693564
-65.382000,2.689936,-2.689485
-65.279000,2.685868,-2.685407
-65.176000,2.681799,-2.681329
-65.074000,2.677730,-2.677251
-64.971000,2.673662,-2.673173
-64.868000,2.669593,-2.669094
-64.766000,2.665524,-2.665016
-64.663000,2.661456,-2.660938
-64.560000,2.657383,-2.656857
-64.458000,2.653311,-2.652777
-64.355000,2.649238,-2.648697
-64.253000,2.645166,-2.644616
-64.150000,2.641094,-2.640536
-64.047000,2.637021,-2.636455
-63.945000,2.632949,-2.632375
-63.842000,2.628876,-2.628294
-63.739000,2.624804,-2.624214
-63.637000,2.620731,-2.620133
-63.534000,2.616659,-2.616053
-63.431000,2.612587,-2.611972
-63.329000,2.608514,-2.607892
-63.226000,2.604442,-2.603811
-63.124000,2.600369,-2.599731
-63.021000,2.596297,-2.595650
-62.918000,2.592224,-2.591570
-62.816000,2.588152,-2.587489
-62.713000,2.584080,-2.583409
-62.610000,2.580007,-2.579329
-62.508000,2.575935,-2.575248
-62.405000,2.571862,-2.571168
-62.303000,2.567790,-2.567087
-62.200000,2.563718,-2.563007
-62.097000,2.559645,-2.558926
-61.995000,2.555569,-2.554844
-61.892000,2.551493,-2.550761
-61.789000,2.547417,-2.546678
-61.687000,2.543341,-2.542596
-61.584000,2.539266,-2.538513
-61.481000,2.535190,-2.534431
-61.379000,2.531114,-2.530348
-61.276000,2.527038,-2.526266
-61.174000,2.522962,-2.522183
-61.071000,2.518886,-2.518100
-60.968000,2.514810,-2.514018
-60.866000,2.510734,-2.509935
-60.763000,2.506658,-2.505853
-60.660000,2.502582,-2.501770
-60.558000,2.498506,-2.497688
-60.455000,2.494430,-2.493605
-60.352000,2.490354,-2.489523
-60.250000,2.486279,-2.485440
-60.147000,2.482203,-2.481357
-60.045000,2.478127,-2.477275
-59.942000,2.474051,-2.473192
-59.839000,2.469975,-2.469110
-59.737000,2.465899,-2.465027
-59.634000,2.461823,-2.460945
-59.531000,2.457747,-2.456862
-59.429000,2.453668,-2.452777
-59.326000,2.449589,-2.448693
-59.224000,2.445510,-2.444608
-59.121000,2.441430,-2.440524
-59.018000,2.437351,-2.436439
-58.916000,2.433272,-2.432355
-58.813000,2.429193,-2.428270
-58.710000,2.425114,-2.424186
-58.608000,2.421035,-2.420101
-58.505000,2.416955,-2.416017
-58.402000,2.412876,-2.411932
-58.300000,2.408797,-2.407848
-58.197000,2.404718,-2.403763
-58.095000,2.400639,-2.399679
-57.992000,2.396559,-2.395594
-57.889000,2.392480,-2.391510
-57.787000,2.388401,-2.387425
-57.684000,2.384322,-2.383341
-57.581000,2.380243,-2.379256
-57.479000,2.376164,-2.375172
-57.376000,2.372084,-2.371087
-57.274000,2.368005,-2.367003
-57.171000,2.363926,-2.362918
-57.068000,2.359847,-2.358834
-56.966000,2.355768,-2.354749
-56.863000,2.351686,-2.350663
-56.760000,2.347603,-2.346576
-56.658000,2.343521,-2.342490
-56.555000,2.339439,-2.338404
-56.452000,2.335357,-2.334317
-56.350000,2.331275,-2.330231
-56.247000,2.327192,-2.326145
-56.145000,2.323110,-2.322058
-56.042000,2.319028,-2.317972
-55.939000,2.314946,-2.313886
-55.837000,2.310864,-2.309799
-55.734000,2.306781,-2.305713
-55.631000,2.302699,-2.301627
-55.529000,2.298617,-2.297540
-55.426000,2.294535,-2.293454
-55.323000,2.290453,-2.289368
-55.221000,2.286370,-2.285281
-55.118000,2.282288,-2.281195
-55.016000,2.278206,-2.277109
-54.913000,2.274124,-2.273022
-54.810000,2.270042,-2.268936
-54.708000,2.265960,-2.264850
-54.605000,2.261877,-2.260763
-54.502000,2.257795,-2.256677
-54.400000,2.253713,-2.252591
-54.297000,2.249628,-2.248503
-54.195000,2.245543,-2.244415
-54.092000,2.241458,-2.240327
-53.989000,2.237373,-2.236239
-53.887000,2.233288,-2.232151
-53.784000,2.229203,-2.228063
-53.681000,2.225118,-2.223975
-53.579000,2.221033,-2.219887
-53.476000,2.216948,-2.215799
-53.373000,2.212863,-2.211711
-53.271000,2.208778,-2.207623
-53.168000,2.204693,-2.203535
-53.066000,2.200608,-2.199447
-52.963000,2.196523,-2.195359
-52.860000,2.192438,-2.191271
-52.758000,2.188353,-2.187183
-52.655000,2.184268,-2.183095
-52.552000,2.180183,-2.179007
-52.450000,2.176098,-2.174919
-52.347000,2.172013,-2.170831
-52.244000,2.167928,-2.166743
-52.142000,2.163843,-2.162655
-52.039000,2.159758,-2.158567
-51.937000,2.155674,-2.154479
-51.834000,2.151589,-2.150391
-51.731000,2.147501,-2.146301
-51.629000,2.143413,-2.142212
-51.526000,2.139326,-2.138122
-51.423000,2.135238,-2.134033
-51.321000,2.131151,-2.129943
-51.218000,2.127063,-2.125853
-51.116000,2.122976,-2.121764
-51.013000,2.118888,-2.117674
-50.910000,2.114801,-2.113585
-50.808000,2.110713,-2.109495
-50.705000,2.106626,-2.105406
-50.602000,2.102538,-2.101316
-50.500000,2.098451,-2.097227
-50.397000,2.094363,-2.093137
-50.294000,2.090275,-2.089048
-50.192000,2.086188,-2.084958
-50.089000,2.082100,-2.080868
-49.987000,2.078013,-2.076779
-49.884000,2.073925,-2.072689
-49.781000,2.069838,-2.068600
-49.679000,2.065750,-2.064510
-49.576000,2.061663,-2.060421
-49.473000,2.057575,-2.056331
-49.371000,2.053488,-2.052242
-49.268000,2.049400,-2.048152
-49.166000,2.045310,-2.044061
-49.063000,2.041220,-2.039970
-48.960000,2.037130,-2.035879
-48.858000,2.033040,-2.031788
-48.755000,2.028951,-2.027697
-48.652000,2.024861,-2.023606
-48.550000,2.020771,-2.019516
-48.447000,2.016681,-2.015425
-48.344000,2.012591,-2.011334
-48.242000,2.008501,-2.007243
-48.139000,2.004411,-2.003152
-48.037000,2.000321,-1.999061
-47.934000,1.996232,-1.994970
-47.831000,1.992142,-1.990879
-47.729000,1.988052,-1.986788
-47.626000,1.983962,-1.982697
-47.523000,1.979872,-1.978606
-47.421000,1.975782,-1.974515
-47.318000,1.971692,-1.970424
-47.215000,1.967602,-1.966333
-47.113000,1.963512,-1.962242
-47.010000,1.959423,-1.958151
-46.908000,1.955333,-1.954060
-46.805000,1.951243,-1.949969
-46.702000,1.947153,-1.945878
-46.600000,1.943061,-1.941786
-46.497000,1.938969,-1.937694
-46.394000,1.934877,-1.933602
-46.292000,1.930785,-1.929509
-46.189000,1.926693,-1.925417
-46.087000,1.922601,-1.921325
-45.984000,1.918509,-1.917233
-45.881000,1.914417,-1.913140
-45.779000,1.910325,-1.909048
-45.676000,1.906233,-1.904956
-45.573000,1.902141,-1.900864
-45.471000,1.898049,-1.896772
-45.368000,1.893957,-1.892679
-45.265000,1.889864,-1.888587
-45.163000,1.885772,-1.884495
-45.060000,1.881680,-1.880403
-44.958000,1.877588,-1.876310
-44.855000,1.873496,-1.872218
-44.752000,1.869404,-1.868126
-44.650000,1.865312,-1.864034
-44.547000,1.861220,-1.859941
-44.444000,1.857128,-1.855849
-44.342000,1.853036,-1.851757
-44.239000,1.848944,-1.847665
-44.136000,1.844852,-1.843572
-44.034000,1.840758,-1.839479
-43.931000,1.836664,-1.835386
-43.829000,1.832570,-1.831292
-43.726000,1.828476,-1.827199
-43.623000,1.824382,-1.823105
-43.521000,1.820288,-1.819012
-43.418000,1.816194,-1.814919
-43.315000,1.812100,-1.810825
-43.213000,1.808007,-1.806732
-43.110000,1.803913,-1.802638
-43.008000,1.799819,-1.798545
-42.905000,1.795725,-1.794452
-42.802000,1.791631,-1.790358
-42.700000,1.787537,-1.786265
-42.597000,1.783443,-1.782171
-42.494000,1.779349,-1.778078
-42.392000,1.775255,-1.773985
-42.289000,1.771161,-1.769891
-42.186000,1.767067,-1.765798
-42.084000,1.762973,-1.761704
-41.981000,1.758879,-1.757611
-41.879000,1.754785,-1.753518
-41.776000,1.750691,-1.749424
-41.673000,1.746597,-1.745331
-41.571000,1.742503,-1.741237
-41.468000,1.738407,-1.737143
-41.365000,1.734312,-1.733049
-41.263000,1.730216,-1.728954
-41.160000,1.726120,-1.724860
-41.057000,1.722025,-1.720765
-40.955000,1.717929,-1.716671
-40.852000,1.713833,-1.712576
-40.750000,1.709737,-1.708482
-40.647000,1.705642,-1.704387
-40.544000,1.701546,-1.700293
-40.442000,1.697450,-1.696198
-40.339000,1.693355,-1.692104
-40.236000,1.689259,-1.688010
-40.134000,1.685163,-1.683915
-40.031000,1.681068,-1.679821
-39.929000,1.676972,-1.675726
-39.826000,1.672876,-1.671632
-39.723000,1.668780,-1.667537
-39.621000,1.664685,-1.663443
-39.518000,1.660589,-1.659348
-39.415000,1.656493,-1.655254
-39.313000,1.652398,-1.651160
-39.210000,1.648302,-1.647065
-39.107000,1.644206,-1.642971
-39.005000,1.640110,-1.638876
-38.902000,1.636013,-1.634781
-38.800000,1.631916,-1.630685
-38.697000,1.627819,-1.626590
-38.594000,1.623721,-1.622495
-38.492000,1.619624,-1.618399
-38.389000,1.615527,-1.614304
-38.286000,1.611430,-1.610209
-38.184000,1.607332,-1.606113
-38.081000,1.603235,-1.602018
-37.979000,1.599138,-1.597922
-37.876000,1.595041,-1.593827
-37.773000,1.590943,-1.589732
-37.671000,1.586846,-1.585636
-37.568000,1.582749,-1.581541
-37.465000,1.578652,-1.577445
-37.363000,1.574554,-1.573350
-37.260000,1.570457,-1.569255
-37.157000,1.566360,-1.565159
-37.055000,1.562263,-1.561064
-36.952000,1.558165,-1.556969
-36.850000,1.554068,-1.552873
-36.747000,1.549971,-1.548778
-36.644000,1.545873,-1.544682
-36.542000,1.541776,-1.540587
-36.439000,1.537679,-1.536492
-36.336000,1.533580,-1.532395
-36.234000,1.529482,-1.528299
-36.131000,1.525383,-1.524203
-36.028000,1.521284,-1.520107
-35.926000,1.517186,-1.516011
-35.823000,1.513087,-1.511914
-35.721000,1.508988,-1.507818
-35.618000,1.504890,-1.503722
-35.515000,1.500791,-1.499626
-35.413000,1.496693,-1.495530
-35.310000,1.492594,-1.491433
-35.207000,1.488495,-1.487337
-35.105000,1.484397,-1.483241
-35.002000,1.480298,-1.479145
-34.900000,1.476199,-1.475048
-34.797000,1.472101,-1.470952
-34.694000,1.468002,-1.466856
-34.592000,1.463904,-1.462760
-34.489000,1.459805,-1.458664
-34.386000,1.455706,-1.454567
-34.284000,1.451608,-1.450471
-34.181000,1.447509,-1.446375
-34.078000,1.443410,-1.442279
-33.976000,1.439312,-1.438183
-33.873000,1.435213,-1.434086
-33.771000,1.431113,-1.429989
-33.668000,1.427013,-1.425893
-33.565000,1.422914,-1.421796
-33.463000,1.418814,-1.417699
-33.360000,1.414714,-1.413602
-33.257000,1.410614,-1.409505
-33.155000,1.406514,-1.405408
-33.052000,1.402414,-1.401311
-32.949000,1.398315,-1.397214
-32.847000,1.394215,-1.393117
-32.744000,1.390115,-1.389020
-32.642000,1.386015,-1.384923
-32.539000,1.381915,-1.380826
-32.436000,1.377815,-1.376729
-32.334000,1.373716,-1.372632
-32.231000,1.369616,-1.368535
-32.128000,1.365516,-1.364439
-32.026000,1.361416,-1.360342
-31.923000,1.357316,-1.356245
-31.821000,1.353216,-1.352148
-31.718000,1.349117,-1.348051
-31.615000,1.345017,-1.343954
-31.513000,1.340917,-1.339857
-31.410000,1.336817,-1.335760
-31.307000,1.332717,-1.331663
-31.205000,1.328616,-1.327566
-31.102000,1.324515,-1.323468
-30.999000,1.320415,-1.319370
-30.897000,1.316314,-1.315273
-30.794000,1.312213,-1.311175
-30.692000,1.308112,-1.307078
-30.589000,1.304011,-1.302980
-30.486000,1.299910,-1.298883
-30.384000,1.295809,-1.294785
-30.281000,1.291708,-1.290688
-30.178000,1.287608,-1.286590
-30.076000,1.283507,-1.282492
-29.973000,1.279406,-1.278395
-29.870000,1.275305,-1.274297
-29.768000,1.271204,-1.270200
-29.665000,1.267103,-1.266102
-29.563000,1.263002,-1.262005
-29.460000,1.258902,-1.257907
-29.357000,1.254801,-1.253810
-29.255000,1.250700,-1.249712
-29.152000,1.246599,-1.245614
-29.049000,1.242498,-1.241517
-28.947000,1.238397,-1.237419
-28.844000,1.234296,-1.233322
-28.742000,1.230195,-1.229224
-28.639000,1.226094,-1.225126
-28.536000,1.221992,-1.221028
-28.434000,1.217890,-1.216930
-28.331000,1.213788,-1.212832
-28.228000,1.209687,-1.208734
-28.126000,1.205585,-1.204636
-28.023000,1.201483,-1.200538
-27.920000,1.197382,-1.196440
-27.818000,1.193280,-1.192342
-27.715000,1.189178,-1.188243
-27.613000,1.185076,-1.184145
-27.510000,1.180975,-1.180047
-27.407000,1.176873,-1.175949
-27.305000,1.172771,-1.171851
-27.202000,1.168669,-1.167753
-27.099000,1.164568,-1.163655
-26.997000,1.160466,-1.159557
-26.894000,1.156364,-1.155459
-26.792000,1.152262,-1.151361
-26.689000,1.148161,-1.147263
-26.586000,1.144059,-1.143165
-26.484000,1.139957,-1.139067
-26.381000,1.135855,-1.134968
-26.278000,1.131754,-1.130870
-26.176000,1.127652,-1.126772
-26.073000,1.123549,-1.122674
-25.970000,1.119447,-1.118575
-25.868000,1.115345,-1.114477
-25.765000,1.111242,-1.110378
-25.663000,1.107140,-1.106280
-25.560000,1.103037,-1.102181
-25.457000,1.098935,-1.098083
-25.355000,1.094832,-1.093984
-25.252000,1.090730,-1.089886
-25.149000,1.086627,-1.085787
-25.047000,1.082525,-1.081689
-24.944000,1.078422,-1.077590
-24.841000,1.074320,-1.073492
-24.739000,1.070217,-1.069393
-24.636000,1.066115,-1.065295
-24.534000,1.062013,-1.061196
-24.431000,1.057910,-1.057098
-24.328000,1.053808,-1.052999
-24.226000,1.049705,-1.048901
-24.123000,1.045603,-1.044802
-24.020000,1.041500,-1.040704
-23.918000,1.037398,-1.036605
-23.815000,1.033295,-1.032507
-23.713000,1.029193,-1.028408
-23.610000,1.025090,-1.024310
-23.507000,1.020987,-1.020211
-23.405000,1.016884,-1.016112
-23.302000,1.012781,-1.012013
-23.199000,1.008678,-1.007914
-23.097000,1.004575,-1.003815
-22.994000,1.000472,-0.999716
-22.891000,0.996369,-0.995618
-22.789000,0.992266,-0.991519
-22.686000,0.988163,-0.987420
-22.584000,0.984060,-0.983321
-22.481000,0.979957,-0.979222
-22.378000,0.975854,-0.975123
-22.276000,0.971751,-0.971024
-22.173000,0.967648,-0.966926
-22.070000,0.963545,-0.962827
-21.968000,0.959442,-0.958728
-21.865000,0.955339,-0.954629
-21.762000,0.951236,-0.950530
-21.660000,0.947133,-0.946431
-21.557000,0.943030,-0.942332
-21.455000,0.938927,-0.938234
-21.352000,0.934824,-0.934135
-21.249000,0.930721,-0.930036
-21.147000,0.926618,-0.925937
-21.044000,0.922515,-0.921838
-20.941000,0.918411,-0.917739
-20.839000,0.914308,-0.913640
-20.736000,0.910204,-0.909541
-20.634000,0.906101,-0.905442
-20.531000,0.901997,-0.901343
-20.428000,0.897894,-0.897244
-20.326000,0.893790,-0.893144
-20.223000,0.889687,-0.889045
-20.120000,0.885583,-0.884946
-20.018000,0.881480,-0.880847
-19.915000,0.877376,-0.876748
-19.812000,0.873273,-0.872649
-19.710000,0.869169,-0.868550
-19.607000,0.865066,-0.864451
-19.505000,0.860963,-0.860351
-19.402000,0.856859,-0.856252
-19.299000,0.852756,-0.852153
-19.197000,0.848652,-0.848054
-19.094000,0.844549,-0.843955
-18.991000,0.840445,-0.839856
-18.889000,0.836342,-0.835757
-18.786000,0.832238,-0.831658
-18.684000,0.828135,-0.827559
-18.581000,0.824031,-0.823459
-18.478000,0.819928,-0.819360
-18.376000,0.815824,-0.815261
-18.273000,0.811720,-0.811162
-18.170000,0.807617,-0.807062
-18.068000,0.803513,-0.802963
-17.965000,0.799409,-0.798864
-17.862000,0.795305,-0.794765
-17.760000,0.791201,-0.790665
-17.657000,0.787098,-0.786566
-17.555000,0.782994,-0.782467
-17.452000,0.778890,-0.778367
-17.349000,0.774786,-0.774268
-17.247000,0.770683,-0.770169
-17.144000,0.766579,-0.766069
-17.041000,0.762475,-0.761970
-16.939000,0.758371,-0.757871
-16.836000,0.754268,-0.753772
-16.733000,0.750164,-0.749672
-16.631000,0.746060,-0.745573
-16.528000,0.741956,-0.741474
-16.426000,0.737852,-0.737374
-16.323000,0.733749,-0.733275
-16.220000,0.729645,-0.729176
-16.118000,0.725541,-0.725077
-16.015000,0.721437,-0.720977
-15.912000,0.717334,-0.716878
-15.810000,0.713230,-0.712779
-15.707000,0.709126,-0.708679
-15.605000,0.705022,-0.704580
-15.502000,0.700918,-0.700480
-15.399000,0.696814,-0.696381
-15.297000,0.692710,-0.692282
-15.194000,0.688606,-0.688182
-15.091000,0.684502,-0.684083
-14.989000,0.680398,-0.679983
-14.886000,0.676294,-0.675884
-14.783000,0.672190,-0.671785
-14.681000,0.668086,-0.667685
-14.578000,0.663982,-0.663586
-14.476000,0.659878,-0.659486
-14.373000,0.655775,-0.655387
-14.270000,0.651671,-0.651288
-14.168000,0.647567,-0.647188
-14.065000,0.643463,-0.643089
-13.962000,0.639359,-0.638989
-13.860000,0.635255,-0.634890
-13.757000,0.631151,-0.630791
-13.654000,0.627047,-0.626691
-13.552000,0.622943,-0.622592
-13.449000,0.618839,-0.618492
-13.347000,0.614735,-0.614393
-13.244000,0.610631,-0.610294
-13.141000,0.606527,-0.606194
-13.039000,0.602423,-0.602095
-12.936000,0.598319,-0.597995
-12.833000,0.594215,-0.593896
-12.731000,0.590111,-0.589796
-12.628000,0.586007,-0.585697
-12.526000,0.581903,-0.581597
-12.423000,0.577799,-0.577498
-12.320000,0.573695,-0.573399
-12.218000,0.569591,-0.569299
-12.115000,0.565487,-0.565200
-12.012000,0.561383,-0.561100
-11.910000,0.557279,-0.557001
-11.807000,0.553175,-0.552901
-11.704000,0.549071,-0.548802
-11.602000,0.544967,-0.544703
-11.499000,0.540863,-0.540603
-11.397000,0.536759,-0.536504
-11.294000,0.532655,-0.532404
-11.191000,0.528551,-0.528305
-11.089000,0.524447,-0.524205
-10.986000,0.520343,-0.520106
-10.883000,0.516239,-0.516007
-10.781000,0.512135,-0.511907
-10.678000,0.508031,-0.507808
-10.575000,0.503927,-0.503708
-10.473000,0.499823,-0.499609
-10.370000,0.495719,-0.495510
-10.268000,0.491615,-0.491410
-10.165000,0.487512,-0.487311
-10.062000,0.483408,-0.483211
-9.960000,0.479304,-0.479112
-9.857000,0.475200,-0.475013
-9.754000,0.471096,-0.470913
-9.652000,0.466992,-0.466814
-9.549000,0.462888,-0.462714
-9.447000,0.458784,-0.458615
-9.344000,0.454680,-0.454516
-9.241000,0.450576,-0.450416
-9.139000,0.446472,-0.446317
-9.036000,0.442368,-0.442217
-8.933000,0.438264,-0.438118
-8.831000,0.434160,-0.434019
-8.728000,0.430056,-0.429919
-8.625000,0.425952,-0.425820
-8.523000,0.421849,-0.421720
-8.420000,0.417745,-0.417621
-8.318000,0.413641,-0.413522
-8.215000,0.409537,-0.409422
-8.112000,0.405433,-0.405323
-8.010000,0.401329,-0.401224
-7.907000,0.397225,-0.397124
-7.804000,0.393122,-0.393025
-7.702000,0.389018,-0.388926
-7.599000,0.384914,-0.384826
-7.497000,0.380810,-0.380727
-7.394000,0.376707,-0.376628
-7.291000,0.372603,-0.372529
-7.189000,0.368499,-0.368429
-7.086000,0.364395,-0.364330
-6.983000,0.360291,-0.360231
-6.881000,0.356188,-0.356131
-6.778000,0.352084,-0.352032
-6.675000,0.347980,-0.347933
-6.573000,0.343876,-0.343833
-6.470000,0.339773,-0.339734
-6.368000,0.335669,-0.335635
-6.265000,0.331565,-0.331536
-6.162000,0.327461,-0.327436
-6.060000,0.323358,-0.323337
-5.957000,0.319254,-0.319238
-5.854000,0.315150,-0.315138
-5.752000,0.311046,-0.311039
-5.649000,0.306942,-0.306940
-5.546000,0.302839,-0.302841
-5.444000,0.298735,-0.298742
-5.341000,0.294632,-0.294642
-5.239000,0.290528,-0.290543
-5.136000,0.286425,-0.286444
-5.033000,0.282321,-0.282345
-4.931000,0.278218,-0.278246
-4.828000,0.274114,-0.274147
-4.725000,0.270011,-0.270048
-4.623000,0.265907,-0.265948
-4.520000,0.261804,-0.261849
-4.418000,0.257700,-0.257750
-4.315000,0.253597,-0.253651
-4.212000,0.249493,-0.249552
-4.110000,0.245390,-0.245453
-4.007000,0.241286,-0.241354
-3.904000,0.237183,-0.237254
-3.802000,0.233079,-0.233155
-3.699000,0.228976,-0.229056
-3.596000,0.224872,-0.224957
-3.494000,0.220769,-0.220858
-3.391000,0.216665,-0.216759
-3.289000,0.212562,-0.212660
-3.186000,0.208458,-0.208561
-3.083000,0.204355,-0.204461
-2.981000,0.200252,-0.200362
-2.878000,0.196148,-0.196264
-2.775000,0.192045,-0.192165
-2.673000,0.187942,-0.188066
-2.570000,0.183839,-0.183967
-2.467000,0.179736,-0.179868
-2.365000,0.175633,-0.175769
-2.262000,0.171529,-0.171670
-2.160000,0.167426,-0.167571
-2.057000,0.163323,-0.163472
-1.954000,0.159220,-0.159373
-1.852000,0.155117,-0.155274
-1.749000,0.151014,-0.151175
-1.646000,0.146911,-0.147076
-1.544000,0.142807,-0.142978
-1.441000,0.138704,-0.138879
-1.339000,0.134601,-0.134780
-1.236000,0.130498,-0.130681
-1.133000,0.126395,-0.126582
-1.031000,0.122292,-0.122483
-0.928000,0.118188,-0.118384
-0.825000,0.114085,-0.114285
-0.723000,0.109982,-0.110186
-0.620000,0.105879,-0.106087
-0.517000,0.101776,-0.101988
-0.415000,0.097673,-0.097890
-0.312000,0.093570,-0.093791
-0.210000,0.089468,-0.089692
-0.107000,0.085365,-0.085594
-0.004000,0.081262,-0.081495
0.098000,0.077160,-0.077396
0.201000,0.073057,-0.073298
0.304000,0.068954,-0.069199
0.406000,0.064851,-0.065100
0.509000,0.060749,-0.061002
0.612000,0.056646,-0.056903
0.714000,0.052543,-0.052804
0.817000,0.048441,-0.048706
0.919000,0.044338,-0.044607
1.022000,0.040235,-0.040508
1.125000,0.036132,-0.036410
1.227000,0.032030,-0.032311
1.330000,0.027927,-0.028212
1.433000,0.023824,-0.024114
1.535000,0.019722,-0.020015
1.638000,0.015619,-0.015917
1.740000,0.011516,-0.011818
1.843000,0.007414,-0.007719
1.946000,0.003311,-0.003621
2.048000,-0.000792,0.000478
2.151000,-0.004894,0.004576
2.254000,-0.008996,0.008675
2.356000,-0.013098,0.012773
2.459000,-0.017201,0.016871
2.562000,-0.021303,0.020970
2.664000,-0.025405,0.025068
2.767000,-0.029507,0.029167
2.869000,-0.033609,0.033265
2.972000,-0.037712,0.037363
3.075000,-0.041814,0.041462
3.177000,-0.045916,0.045560
3.280000,-0.050018,0.049658
3.383000,-0.054120,0.053757
3.485000,-0.058223,0.057855
3.588000,-0.062325,0.061953
3.690000,-0.066427,0.066052
3.793000,-0.070529,0.070150
3.896000,-0.074631,0.074248
3.998000,-0.078733,0.078347
4.101000,-0.082836,0.082445
4.204000,-0.086938,0.086543
4.306000,-0.091040,0.090642
4.409000,-0.095142,0.094740
4.512000,-0.099244,0.098838
4.614000,-0.103347,0.102937
4.717000,-0.107448,0.107035
4.819000,-0.111550,0.111133
4.922000,-0.115651,0.115231
5.025000,-0.119753,0.119329
5.127000,-0.123855,0.123427
5.230000,-0.127956,0.127525
5.333000,-0.132058,0.131623
5.435000,-0.136159,0.135721
5.538000,-0.140261,0.139819
5.641000,-0.144363,0.143916
5.743000,-0.148464,0.148014
5.846000,-0.152566,0.152112
5.948000,-0.156667,0.156210
6.051000,-0.160769,0.160308
6.154000,-0.164871,0.164406
6.256000,-0.168972,0.168504
6.359000,-0.173074,0.172602
6.462000,-0.177175,0.176700
6.564000,-0.181277,0.180798
6.667000,-0.185379,0.184896
6.769000,-0.189480,0.188994
6.872000,-0.193582,0.193092
6.975000,-0.197683,0.197190
7.077000,-0.201785,0.201288
7.180000,-0.205887,0.205386
7.283000,-0.209987,0.209484
7.385000,-0.214088,0.213581
7.488000,-0.218189,0.217679
7.591000,-0.222290,0.221777
7.693000,-0.226391,0.225874
7.796000,-0.230492,0.229972
7.898000,-0.234593,0.234069
8.001000,-0.238694,0.238167
8.104000,-0.242795,0.242265
8.206000,-0.246896,0.246362
8.309000,-0.250997,0.250460
8.412000,-0.255098,0.254557
8.514000,-0.259199,0.258655
8.617000,-0.263300,0.262752
8.720000,-0.267401,0.266850
8.822000,-0.271501,0.270948
8.925000,-0.275602,0.275045
9.027000,-0.279703,0.279143
9.130000,-0.283804,0.283240
9.233000,-0.287905,0.287338
9.335000,-0.292006,0.291436
9.438000,-0.296107,0.295533
9.541000,-0.300208,0.299631
9.643000,-0.304309,0.303728
9.746000,-0.308410,0.307826
9.848000,-0.312510,0.311923
9.951000,-0.316610,0.316020
10.054000,-0.320711,0.320117
10.156000,-0.324811,0.324215
10.259000,-0.328911,0.328312
10.362000,-0.333011,0.332409
10.464000,-0.337111,0.336506
10.567000,-0.341212,0.340603
10.670000,-0.345312,0.344700
10.772000,-0.349412,0.348797
10.875000,-0.353512,0.352895
10.977000,-0.357613,0.356992
11.080000,-0.361713,0.361089
11.183000,-0.365813,0.365186
11.285000,-0.369913,0.369283
11.388000,-0.374013,0.373380
11.491000,-0.378114,0.377478
11.593000,-0.382214,0.381575
11.696000,-0.386314,0.385672
11.799000,-0.390414,0.389769
11.901000,-0.394514,0.393866
12.004000,-0.398615,0.397963
12.106000,-0.402715,0.402060
12.209000,-0.406815,0.406158
12.312000,-0.410915,0.410255
12.414000,-0.415015,0.414351
12.517000,-0.419114,0.418448
12.620000,-0.423214,0.422545
12.722000,-0.427313,0.426642
12.825000,-0.431413,0.430738
12.927000,-0.435512,0.434835
13.030000,-0.439611,0.438932
13.133000,-0.443711,0.443028
13.235000,-0.447810,0.447125
13.338000,-0.451910,0.451222
13.441000,-0.456009,0.455318
13.543000,-0.460109,0.459415
13.646000,-0.464208,0.463512
13.749000,-0.468308,0.467608
13.851000,-0.472407,0.471705
13.954000,-0.476506,0.475802
14.056000,-0.480606,0.479899
14.159000,-0.484705,0.483995
14.262000,-0.488805,0.488092
14.364000,-0.492904,0.492189
14.467000,-0.497004,0.496285
14.570000,-0.501103,0.500382
14.672000,-0.505203,0.504479
14.775000,-0.509302,0.508575
14.877000,-0.513401,0.512672
14.980000,-0.517500,0.516768
15.083000,-0.521599,0.520864
15.185000,-0.525697,0.524961
15.288000,-0.529796,0.529057
15.391000,-0.533895,0.533153
15.493000,-0.537993,0.537249
15.596000,-0.542092,0.541345
15.699000,-0.546191,0.545442
15.801000,-0.550289,0.549538
15.904000,-0.554388,0.553634
16.006000,-0.558486,0.557730
16.109000,-0.562585,0.561826
16.212000,-0.566684,0.565923
16.314000,-0.570782,0.570019
16.417000,-0.574881,0.574115
16.520000,-0.578980,0.578211
16.622000,-0.583078,0.582307
16.725000,-0.587177,0.586404
16.828000,-0.591275,0.590500
16.930000,-0.595374,0.594596
17.033000,-0.599473,0.598692
17.135000,-0.603571,0.602788
17.238000,-0.607670,0.606885
17.341000,-0.611769,0.610981
17.443000,-0.615867,0.615077
17.546000,-0.619965,0.619173
17.649000,-0.624063,0.623268
17.751000,-0.628161,0.627364
17.854000,-0.632258,0.631460
17.956000,-0.636356,0.635555
18.059000,-0.640454,0.639651
18.162000,-0.644552,0.643747
18.264000,-0.648649,0.647842
18.367000,-0.652747,0.651938
18.470000,-0.656845,0.656034
18.572000,-0.660943,0.660130
18.675000,-0.665041,0.664225
18.778000,-0.669138,0.668321
18.880000,-0.673236,0.672417
18.983000,-0.677334,0.676512
19.085000,-0.681432,0.680608
19.188000,-0.685529,0.684704
19.291000,-0.689627,0.688799
19.393000,-0.693725,0.692895
19.496000,-0.697823,0.696991
19.599000,-0.701921,0.701086
19.701000,-0.706018,0.705182
19.804000,-0.710116,0.709278
19.907000,-0.714214,0.713373
20.009000,-0.718312,0.717469
20.112000,-0.722409,0.721564
20.214000,-0.726505,0.725659
20.317000,-0.730602,0.729755
20.420000,-0.734699,0.733850
20.522000,-0.738796,0.737945
20.625000,-0.742893,0.742040
20.728000,-0.746990,0.746135
20.830000,-0.751087,0.750230
20.933000,-0.755184,0.754325
21.035000,-0.759281,0.758421
21.138000,-0.763377,0.762516
21.241000,-0.767474,0.766611
21.343000,-0.771571,0.770706
21.446000,-0.775668,0.774801
21.549000,-0.779765,0.778896
21.651000,-0.783862,0.782991
21.754000,-0.787959,0.787087
21.857000,-0.792056,0.791182
21.959000,-0.796153,0.795277
22.062000,-0.800249,0.799372
22.164000,-0.804346,0.803467
22.267000,-0.808443,0.807562
22.370000,-0.812540,0.811658
22.472000,-0.816637,0.815753
22.575000,-0.820734,0.819848
22.678000,-0.824830,0.823942
22.780000,-0.828926,0.828037
22.883000,-0.833022,0.832132
22.985000,-0.837118,0.836226
23.088000,-0.841214,0.840321
23.191000,-0.845310,0.844415
23.293000,-0.849406,0.848510
23.396000,-0.853502,0.852605
23.499000,-0.857598,0.856699
23.601000,-0.861694,0.860794
23.704000,-0.865790,0.864888
23.807000,-0.869886,0.868983
23.909000,-0.873982,0.873078
24.012000,-0.878078,0.877172
24.114000,-0.882174,0.881267
24.217000,-0.886269,0.885361
24.320000,-0.890365,0.889456
24.422000,-0.894461,0.893551
24.525000,-0.898557,0.897645
24.628000,-0.902653,0.901740
24.730000,-0.906749,0.905834
24.833000,-0.910845,0.909929
24.936000,-0.914941,0.914024
25.038000,-0.919037,0.918118
25.141000,-0.923133,0.922213
25.243000,-0.927228,0.926307
25.346000,-0.931323,0.930401
25.449000,-0.935418,0.934495
25.551000,-0.939513,0.938589
25.654000,-0.943609,0.942683
25.757000,-0.947704,0.946777
25.859000,-0.951799,0.950871
25.962000,-0.955894,0.954965
26.064000,-0.959989,0.959059
26.167000,-0.964084,0.963153
26.270000,-0.968179,0.967247
26.372000,-0.972274,0.971341
26.475000,-0.976369,0.975435
26.578000,-0.980464,0.979529
26.680000,-0.984559,0.983623
26.783000,-0.988654,0.987718
26.886000,-0.992749,0.991812
26.988000,-0.996844,0.995906
27.091000,-1.000939,1.000000
27.193000,-1.005034,1.004094
27.296000,-1.009129,1.008188
27.399000,-1.013224,1.012282
27.501000,-1.017319,1.016376
27.604000,-1.021414,1.020470
27.707000,-1.025509,1.024564
27.809000,-1.029604,1.028657
27.912000,-1.033698,1.032751
28.015000,-1.037792,1.036844
28.117000,-1.041886,1.040938
28.220000,-1.045980,1.045031
28.322000,-1.050074,1.049125
28.425000,-1.054168,1.053218
28.528000,-1.058262,1.057312
28.630000,-1.062356,1.061405
28.733000,-1.066450,1.065499
28.836000,-1.070545,1.069592
28.938000,-1.074639,1.073686
29.041000,-1.078733,1.077779
29.143000,-1.082827,1.081872
29.246000,-1.086921,1.085966
29.349000,-1.091015,1.090059
29.451000,-1.095109,1.094153
29.554000,-1.099203,1.098246
29.657000,-1.103297,1.102340
29.759000,-1.107392,1.106433
29.862000,-1.111486,1.110527
29.965000,-1.115580,1.114620
30.067000,-1.119674,1.118714
30.170000,-1.123768,1.122807
30.272000,-1.127862,1.126901
30.375000,-1.131955,1.130994
30.478000,-1.136048,1.135087
30.580000,-1.140142,1.139179
30.683000,-1.144235,1.143272
30.786000,-1.148328,1.147365
30.888000,-1.152421,1.151458
30.991000,-1.156514,1.155551
31.094000,-1.160607,1.159644
31.196000,-1.164700,1.163737
31.299000,-1.168794,1.167830
31.401000,-1.172887,1.171923
31.504000,-1.176980,1.176016
31.607000,-1.181073,1.180108
31.709000,-1.185166,1.184201
31.812000,-1.189259,1.188294
31.915000,-1.193353,1.192387
32.017000,-1.197446,1.196480
32.120000,-1.201539,1.200573
32.222000,-1.205632,1.204666
32.325000,-1.209725,1.208759
32.428000,-1.213818,1.212852
32.530000,-1.217912,1.216945
32.633000,-1.222005,1.221037
32.736000,-1.226098,1.225130
32.838000,-1.230191,1.229223
32.941000,-1.234283,1.233316
33.044000,-1.238375,1.237408
33.146000,-1.242468,1.241500
33.249000,-1.246560,1.245593
33.351000,-1.250652,1.249685
33.454000,-1.254744,1.253777
33.557000,-1.258836,1.257870
33.659000,-1.262929,1.261962
33.762000,-1.267021,1.266054
33.865000,-1.271113,1.270147
33.967000,-1.275205,1.274239
34.070000,-1.279298,1.278331
34.172000,-1.283390,1.282424
34.275000,-1.287482,1.286516
34.378000,-1.291574,1.290608
34.480000,-1.295666,1.294701
34.583000,-1.299759,1.298793
34.686000,-1.303851,1.302885
34.788000,-1.307943,1.306978
34.891000,-1.312035,1.311070
34.994000,-1.316127,1.315162
35.096000,-1.320220,1.319255
35.199000,-1.324312,1.323347
35.301000,-1.328404,1.327439
35.404000,-1.332496,1.331532
35.507000,-1.336588,1.335623
35.609000,-1.340679,1.339715
35.712000,-1.344770,1.343807
35.815000,-1.348861,1.347899
35.917000,-1.352953,1.351990
36.020000,-1.357044,1.356082
36.123000,-1.361135,1.360174
36.225000,-1.365226,1.364266
36.328000,-1.369318,1.368358
36.430000,-1.373409,1.372449
36.533000,-1.377500,1.376541
36.636000,-1.381592,1.380633
36.738000,-1.385683,1.384725
36.841000,-1.389774,1.388816
36.944000,-1.393865,1.392908
37.046000,-1.397957,1.397000
37.149000,-1.402048,1.401092
37.251000,-1.406139,1.405183
37.354000,-1.410231,1.409275
37.457000,-1.414322,1.413367
37.559000,-1.418413,1.417459
37.662000,-1.422504,1.421551
37.765000,-1.426596,1.425642
37.867000,-1.430687,1.429734
37.970000,-1.434778,1.433826
38.073000,-1.438869,1.437917
38.175000,-1.442959,1.442008
38.278000,-1.447049,1.446100
38.380000,-1.451140,1.450191
38.483000,-1.455230,1.454282
38.586000,-1.459320,1.458373
38.688000,-1.463411,1.462464
38.791000,-1.467501,1.466556
38.894000,-1.471591,1.470647
38.996000,-1.475682,1.474738
39.099000,-1.479772,1.478829
39.202000,-1.483862,1.482920
39.304000,-1.487953,1.487012
39.407000,-1.492043,1.491103
39.509000,-1.496133,1.495194
39.612000,-1.500224,1.499285
39.715000,-1.504314,1.503377
39.817000,-1.508405,1.507468
39.920000,-1.512495,1.511559
40.023000,-1.516585,1.515650
40.125000,-1.520676,1.519741
40.228000,-1.524766,1.523833
40.330000,-1.528856,1.527924
40.433000,-1.532947,1.532015
40.536000,-1.537037,1.536106
40.638000,-1.541126,1.540197
40.741000,-1.545216,1.544288
40.844000,-1.549305,1.548378
40.946000,-1.553395,1.552469
41.049000,-1.557484,1.556560
41.152000,-1.561574,1.560650
41.254000,-1.565663,1.564741
41.357000,-1.569753,1.568832
41.459000,-1.573842,1.572922
41.562000,-1.577932,1.577013
41.665000,-1.582021,1.581104
41.767000,-1.586110,1.585194
41.870000,-1.590200,1.589285
41.973000,-1.594289,1.593376
42.075000,-1.598379,1.597466
42.178000,-1.602468,1.601557
42.281000,-1.606558,1.605648
42.383000,-1.610647,1.609738
42.486000,-1.614737,1.613829
42.588000,-1.618826,1.617920
42.691000,-1.622916,1.622010
42.794000,-1.627005,1.626101
42.896000,-1.631094,1.630192
42.999000,-1.635184,1.634282
43.102000,-1.639273,1.638373
43.204000,-1.643362,1.642463
43.307000,-1.647451,1.646553
43.409000,-1.651539,1.650644
43.512000,-1.655628,1.654734
43.615000,-1.659716,1.658824
43.717000,-1.663805,1.662914
43.820000,-1.667893,1.667004
43.923000,-1.671982,1.671094
44.025000,-1.676071,1.675184
44.128000,-1.680159,1.679275
44.231000,-1.684248,1.683365
44.333000,-1.688336,1.687455
44.436000,-1.692425,1.691545
44.538000,-1.696514,1.695635
44.641000,-1.700602,1.699725
44.744000,-1.704691,1.703815
44.846000,-1.708779,1.707906
44.949000,-1.712868,1.711996
45.052000,-1.716956,1.716086
45.154000,-1.721045,1.720176
45.257000,-1.725134,1.724266
45.359000,-1.729222,1.728356
45.462000,-1.733311,1.732447
45.565000,-1.737399,1.736537
45.667000,-1.741488,1.740627
45.770000,-1.745576,1.744716
45.873000,-1.749663,1.748806
45.975000,-1.753751,1.752896
46.078000,-1.757839,1.756985
46.181000,-1.761927,1.761075
46.283000,-1.766014,1.765165
46.386000,-1.770102,1.769254
46.488000,-1.774190,1.773344
46.591000,-1.778278,1.777434
46.694000,-1.782365,1.781523
46.796000,-1.786453,1.785613
46.899000,-1.790541,1.789703
47.002000,-1.794629,1.793792
47.104000,-1.798716,1.797882
47.207000,-1.802804,1.801972
47.310000,-1.806892,1.806061
47.412000,-1.810980,1.810151
47.515000,-1.815067,1.814240
47.617000,-1.819155,1.818330
47.720000,-1.823243,1.822420
47.823000,-1.827331,1.826509
47.925000,-1.831418,1.830599
48.028000,-1.835506,1.834689
48.131000,-1.839594,1.838778
48.233000,-1.843682,1.842868
48.336000,-1.847769,1.846957
48.438000,-1.851856,1.851046
48.541000,-1.855942,1.855135
48.644000,-1.860029,1.859225
48.746000,-1.864116,1.863314
48.849000,-1.868203,1.867403
48.952000,-1.872290,1.871492
49.054000,-1.876377,1.875581
49.157000,-1.880464,1.879671
49.260000,-1.884551,1.883760
49.362000,-1.888638,1.887849
49.465000,-1.892725,1.891938
49.567000,-1.896812,1.896027
49.670000,-1.900899,1.900116
49.773000,-1.904986,1.904206
49.875000,-1.909073,1.908295
49.978000,-1.913160,1.912384
50.081000,-1.917247,1.916473
50.183000,-1.921334,1.920562
50.286000,-1.925421,1.924651
50.389000,-1.929508,1.928741
50.491000,-1.933595,1.932830
50.594000,-1.937682,1.936919
50.696000,-1.941769,1.941008
50.799000,-1.945855,1.945097
50.902000,-1.949942,1.949186
51.004000,-1.954028,1.953275
51.107000,-1.958114,1.957363
51.210000,-1.962200,1.961452
51.312000,-1.966287,1.965541
51.415000,-1.970373,1.969630
51.517000,-1.974459,1.973718
51.620000,-1.978545,1.977807
51.723000,-1.982631,1.981896
51.825000,-1.986718,1.985984
51.928000,-1.990804,1.990073
52.031000,-1.994890,1.994162
52.133000,-1.998976,1.998251
52.236000,-2.003062,2.002339
52.339000,-2.007149,2.006428
52.441000,-2.011235,2.010517
52.544000,-2.015321,2.014605
52.646000,-2.019407,2.018694
52.749000,-2.023493,2.022783
52.852000,-2.027580,2.026872
52.954000,-2.031666,2.030960
53.057000,-2.035752,2.035049
53.160000,-2.039838,2.039138
53.262000,-2.043925,2.043227
53.365000,-2.048011,2.047315
53.467000,-2.052096,2.051404
53.570000,-2.056182,2.055492
53.673000,-2.060267,2.059580
53.775000,-2.064353,2.063668
53.878000,-2.068438,2.067757
53.981000,-2.072524,2.071845
54.083000,-2.076609,2.075933
54.186000,-2.080695,2.080022
54.289000,-2.084780,2.084110
54.391000,-2.088866,2.088198
54.494000,-2.092951,2.092287
54.596000,-2.097037,2.096375
54.699000,-2.101123,2.100463
54.802000,-2.105208,2.104552
54.904000,-2.109294,2.108640
55.007000,-2.113379,2.112728
55.110000,-2.117465,2.116816
55.212000,-2.121550,2.120905
55.315000,-2.125636,2.124993
55.418000,-2.129721,2.129081
55.520000,-2.133807,2.133170
55.623000,-2.137892,2.137258
55.725000,-2.141978,2.141346
55.828000,-2.146063,2.145435
55.931000,-2.150149,2.149523
56.033000,-2.154234,2.153611
56.136000,-2.158319,2.157699
56.239000,-2.162403,2.161787
56.341000,-2.166488,2.165875
56.444000,-2.170573,2.169963
56.546000,-2.174658,2.174050
56.649000,-2.178743,2.178138
56.752000,-2.182828,2.182226
56.854000,-2.186913,2.186314
56.957000,-2.190998,2.190402
57.060000,-2.195083,2.194490
57.162000,-2.199168,2.198578
57.265000,-2.203252,2.202666
57.368000,-2.207337,2.206754
57.470000,-2.211422,2.210842
57.573000,-2.215507,2.214930
57.675000,-2.219592,2.219018
57.778000,-2.223677,2.223106
57.881000,-2.227762,2.227194
57.983000,-2.231847,2.231281
58.086000,-2.235932,2.235369
58.189000,-2.240017,2.239457
58.291000,-2.244101,2.243545
58.394000,-2.248186,2.247633
58.497000,-2.252271,2.251721
58.599000,-2.256356,2.255809
58.702000,-2.260440,2.259896
58.804000,-2.264524,2.263984
58.907000,-2.268609,2.268072
59.010000,-2.272693,2.272159
59.112000,-2.276777,2.276247
59.215000,-2.280862,2.280334
59.318000,-2.284946,2.284422
59.420000,-2.289030,2.288509
59.523000,-2.293115,2.292597
59.625000,-2.297199,2.296685
59.728000,-2.301283,2.300772
59.831000,-2.305368,2.304860
59.933000,-2.309452,2.308947
60.036000,-2.313536,2.313035
60.139000,-2.317621,2.317123
60.241000,-2.321705,2.321210
60.344000,-2.325789,2.325298
60.447000,-2.329874,2.329385
60.549000,-2.333958,2.333473
60.652000,-2.338042,2.337561
60.754000,-2.342127,2.341648
60.857000,-2.346211,2.345736
60.960000,-2.350295,2.349823
61.062000,-2.354380,2.353911
61.165000,-2.358464,2.357998
61.268000,-2.362547,2.362086
61.370000,-2.366631,2.366173
61.473000,-2.370715,2.370260
61.576000,-2.374799,2.374348
61.678000,-2.378883,2.378435
61.781000,-2.382967,2.382522
61.883000,-2.387051,2.386609
61.986000,-2.391134,2.390697
62.089000,-2.395218,2.394784
62.191000,-2.399302,2.398871
62.294000,-2.403386,2.402959
62.397000,-2.407470,2.407046
62.499000,-2.411554,2.411133
62.602000,-2.415638,2.415221
62.704000,-2.419721,2.419308
62.807000,-2.423805,2.423395
62.910000,-2.427889,2.427483
63.012000,-2.431973,2.431570
63.115000,-2.436057,2.435657
63.218000,-2.440141,2.439744
63.320000,-2.444225,2.443832
63.423000,-2.448308,2.447919
63.526000,-2.452392,2.452006
63.628000,-2.456476,2.456094
63.731000,-2.460560,2.460181
63.833000,-2.464643,2.464268
63.936000,-2.468727,2.468355
64.039000,-2.472810,2.472442
64.141000,-2.476894,2.476529
64.244000,-2.480977,2.480616
64.347000,-2.485060,2.484703
64.449000,-2.489144,2.488790
64.552000,-2.493227,2.492877
64.654000,-2.497311,2.496964
64.757000,-2.501394,2.501051
64.860000,-2.505478,2.505138
64.962000,-2.509561,2.509225
65.065000,-2.513645,2.513313
65.168000,-2.517728,2.517400
65.270000,-2.521812,2.521487
65.373000,-2.525895,2.525574
65.476000,-2.529978,2.529661
65.578000,-2.534062,2.533748
65.681000,-2.538145,2.537835
65.783000,-2.542229,2.541922
65.886000,-2.546312,2.546009
65.989000,-2.550396,2.550096
66.091000,-2.554479,2.554183
66.194000,-2.558563,2.558270
66.297000,-2.562646,2.562357
66.399000,-2.566729,2.566444
66.502000,-2.570812,2.570531
66.605000,-2.574895,2.574618
66.707000,-2.578978,2.578705
66.810000,-2.583062,2.582792
66.912000,-2.587145,2.586878
67.015000,-2.591228,2.590965
67.118000,-2.595311,2.595052
67.220000,-2.599394,2.599139
67.323000,-2.603477,2.603226
67.426000,-2.607561,2.607313
67.528000,-2.611644,2.611400
67.631000,-2.615727,2.615487
67.733000,-2.619810,2.619573
67.836000,-2.623893,2.623660
67.939000,-2.627976,2.627747
68.041000,-2.632059,2.631834
68.144000,-2.636143,2.635921
68.247000,-2.640226,2.640008
68.349000,-2.644309,2.644095
68.452000,-2.648392,2.648182
68.555000,-2.652475,2.652269
68.657000,-2.656558,2.656355
68.760000,-2.660642,2.660442
68.862000,-2.664724,2.664529
68.965000,-2.668807,2.668616
69.068000,-2.672890,2.672703
69.170000,-2.676973,2.676789
69.273000,-2.681056,2.680876
69.376000,-2.685139,2.684963
69.478000,-2.689222,2.689050
69.581000,-2.693305,2.693136
69.684000,-2.697388,2.697223
69.786000,-2.701471,2.701310
69.889000,-2.705554,2.705397
69.991000,-2.709637,2.709483
70.094000,-2.713720,2.713570
70.197000,-2.717803,2.717657
70.299000,-2.721886,2.721744
70.402000,-2.725969,2.725830
70.505000,-2.730052,2.729917
70.607000,-2.734134,2.734004
70.710000,-2.738217,2.738091
70.812000,-2.742300,2.742177
70.915000,-2.746383,2.746264
71.018000,-2.750466,2.750351
71.120000,-2.754549,2.754438
71.223000,-2.758632,2.758524
71.326000,-2.762715,2.762611
71.428000,-2.770567,2.770470
71.531000,-2.778418,2.778329
71.634000,-2.786270,2.786188
71.736000,-2.794121,2.794047
71.839000,-2.801973,2.801906
71.941000,-2.809825,2.809765
72.044000,-2.817676,2.817624
72.147000,-2.825528,2.825483
72.249000,-2.833379,2.833342
72.352000,-2.841231,2.841201
72.455000,-2.849083,2.849060
72.557000,-2.856934,2.856919
72.660000,-2.864786,2.864778
